[-0.006715492586239331, 0.0002864551493979714, 0.03718215436638243, 0.03883205897423383, -0.002283416943677199, 0.025944828682680037, 0.037111388151095236, 0.0021119263499884706, 0.04287862556831453, 0.07151106846005312, 0.007111119354948382, 0.08556576181561266, 0.05405635535089476, 0.03673297457842405, 0.010688894196019018, -0.005822678436844977, -0.0031752870410409867, -0.0006345002629436939, -0.0023490714474214145, 0.1530759985856082, -0.000736035826677754, 0.009634800024732488, -0.0010096845451244443, 0.00022704302648681747, -0.011052064864752485, -0.0015041607427806567, 0.22736154851055057, 0.01979990516665975, 0.041105442004950685, 0.04916306161749051, 0.06281363177341516, -0.005219978671823952, 0.03344661560245872, 0.1392220741146331, -0.007702771504698378, 0.11798996944395114, 0.07998456333840574, 0.01837505925429897, 0.0012639307404320546, 0.011445888967425507, 0.06532789005724185, 0.06426338045267171, 0.16425522466076944, 0.16809098535657993, 0.0306490371007791, -0.0022851341394170854, 0.011500919976610733, 0.015246221047881387, 0.02217668081398152, 0.0007664649801631594, 0.1129371873937776, -0.007836023487081371, -0.007300106959894495, 0.017195778948766907, 0.04051723531357084, 0.052815917712577966, 0.010801353038077959, -0.0015824529080535124, 0.10421322053633134, 0.0028954651504627792, -0.00021701694479120607, 0.016953175144861023, 0.16779499699017306, 0.1315408068106489, 0.13913126761878977, 0.015009740383646405, 0.09556160220272354, 0.007841205885766188, 0.006711327013280206, 0.02694059001586834, 0.00756974175395407, 0.09060074544961408, 0.01687970802586512, 0.07682562709661804, 0.009125421086648136, -0.004468336499658476, 0.004977021183005397, -0.00830703242194556, -0.005666063189184244, 0.07025433315621345, 0.1791781640484468, 0.0015551801240021833, -0.03364853073040986, 0.0030391303589010466, -1.4004405080036975e-08, 0.002678793960173405, 0.014845246725516141, 0.004508323372016347, -0.0008975158247651549, -0.00037279714052733436, -0.0033876552400278663, 0.009182321015666654, 0.033773892590385525, 0.07636108025919806, 0.1157318025001174, 0.1767312561670418, 0.012846236183241815, 0.01058954515866612, 0.019668831895029628, 0.04726604576995039, -0.003061746607207467, 0.0058889169081031865, -0.00868962891398959, 0.00972066445166496, -0.005985249388051219, 0.059070981385031224, 0.017209599101175727, 0.030393938440549335, 0.01439546953917921, -0.018277126333574624, 0.009159701821950165, -0.004233167413990453, -0.03901713421308937, -0.00030081948760552537, 0.0028430015101234413, 0.021298924189082392, 0.020495585762255106, 0.0727656766512524, 0.0026051765121064756, -0.022437854136746725, 0.004608360255212848]
[0.0014791610718253856, 0.015462371428291488, 0.028286618625330495, -0.003646361290073008, 0.005295174888765214, -0.01016716654868799, 0.010013545484961167, 0.002659557290763337, -0.004496200258600258, 0.001773764720991139, 0.05142081539760061, -0.005724865331819207, 0.0035713533409691134, 0.09590535540336892, 0.1523953644362272, -0.018426077517754713, 0.0001434217978917296, 0.00434883307128589, -0.0018753559018558849, 4.3857886844939076e-05, 0.006379248933471804, 0.01518685964674597, 0.008784729640475969, 0.007502262266984749, 0.010219607024889749, 0.0018159660918814768, 0.004172780284981664, -0.0026909041748283125, 0.0005416646728356733, -0.007309638169888888, 0.004841698392230059, -0.004558705879520397, 0.0009853653076464242, 0.00209646683231407, 0.015125460745287478, -0.0030002784206434874, 0.02051673961499978, -4.1207014505495465e-05, 0.001557883140800631, -0.05820154721303383, -0.0005500028095047349, 0.006132239223954589, 0.05241053413626956, -0.012720135291530765, 0.02647622857477397, -0.10527188979069385, 0.03931139014743201, 0.03137122836094197, 0.027349185167603873, -0.0017937346210642373, 0.0452824232671766, -0.016452351506834384, -0.01744282366648303, 9.647145377117416e-05, 0.013048266386330692, 0.08111722069397678, 0.0685140555091795, -0.01598317310231033, 0.006589712654149149, -0.002418129101991129, 0.024420519776916588, 0.010142013605203962, 0.017532676631674935, -0.0013222166263913704, -6.465744150357944e-05, -0.0001424950217174814, 0.01679107389761475, 0.0005650946087181474, 0.002242652756114155, -0.005237614036749161, 0.01717963677289641, 0.05981207706235466, -0.006223999678080627, 0.0010182406825766377, 0.014084777521781222, -0.00597616794691197, 0.007268733556503759, -0.0009137446809495686, 0.02465579845884136, 0.010793023695589127, 0.042214048357019, -0.004305891257054606, 0.05352042620692754, 0.07098038321401359, 0.00037459133045680826, 0.056633568790481564, -0.01278642988055001, 0.01402184921337929, 0.10337647736872288, -0.002486367789572008, -0.02858546395184175, 0.005864351529726253, 0.004996442091785069, 0.01541272390233258, -4.72974125501624e-05, -0.007809933985230991, -0.0034160867715274934, -0.042600794353739015, -0.00881772289503202, -0.009840813447212993, 0.01630207887086152, 0.12842475827309197, 0.0033146397068185324, 0.0020812265909987415, -0.001531439698417493, 0.0004582710009795321, 0.012713874005874887, 0.0720082611310415, -0.005553336566522571, 0.056590963430664276, 0.24458340013785382, 0.10197651326917101, 0.0017626159442771516, 0.003120730742964428, -0.0013966723336917841, 0.2758434066994811, 0.0017227557424273898, -0.00018636889141082635, -0.004164866257730826, 0.07812234253148723, -0.012932373202542646, 0.011165138804627411, -0.0029062700222353133, -0.012290234972965997, 0.04507248123683244, 0.003896815573001561, 0.007451044935466916, -0.0008909569436713616, -0.008736497944314747, 0.005809406374096095, 0.011985672783438817, -0.00013522110312626847, 0.0017463755397716663, -0.006131249177799947, 0.053058605011900434, 0.00755511854705525, 0.007374803167762151, 0.011621396801268696, 0.013967811440366344, -0.002034145095547335, -0.006846104223215521, 0.03746501270431998, -0.0038213804611443303, -0.0012431210927261738, 0.012098142604539314]
[0.04742821183110603, -0.0037547181480543724, 0.008135140458050822, 7.475340655663015e-05, 0.06856447908009274, -0.005386211496869216, 0.010383781589120282, 0.03527769033484418, 0.013738764087533958, 0.3474457629247685, 0.16265474461767584, 0.0003781572173936718, 0.06443503165341134, 0.0036264642155051934, 0.061329623311459226, 0.06856041911773543, 0.203956754767151, 0.006246885567901136, 0.038868189930139456, -0.01323282638242044, -0.001662783763562696, 0.009581026755012573, 0.06464714677938065, 0.020864681043057172, 0.038072115452834905, -0.0034964915695900084, 0.004896117611188314, -0.013609099441656712, 0.006410336935655017, -0.027645930192408522, -0.004596124631291731, 0.004496613942248129, 0.1116726100394457, 0.3986288360849069, -0.0010173018710672767, -0.01382350118549443, 0.011472851075335397, 0.03769853279777072, 0.31727719585329084, 0.48154383962883, 0.015732018913080258, 0.05594023150779128, 0.280479519227726, 0.00045276584495613413, 0.012665157801879448, 0.12127300453206655, 0.4634506165479862, -0.0033546519611542727, 0.005035155287263952, -0.005043550611919128, 0.12379591256185019, -0.009064317071938378, -0.005773726005252708, 0.008265298513785869, 0.053362180690110735, 0.026277780036517064, 0.006423263856407811, 0.023116950417295386, 0.5498848834366383, 0.25318616463708193, 0.02544694806119955, -0.026659561654804893, -0.006572173798474901, 0.011072543202284242, -0.02347397729862218, 0.01550500631327869, 0.015363666128920853, 0.0047291740033018285, 0.07839456286757195, 0.0005935239870354995, 0.003023682634481452, 0.007464537907517032, 0.0028616733990242315, 0.01342150187536611, 0.012655006587659655, 0.007113962392800645, 0.023898488136542207, -0.02943670074736352, 0.08073184175010348, -0.006193153189146324, -0.0037428174777423403, 0.05117889551860326, 0.026908703050194133, 0.013398922549669859, 0.13803449136170146, 0.029306060325221282, 0.03609433196554314, 0.007827083960683746, 0.060696905660995, -0.006806977721910617, 0.00390703629243258, -0.0026240877092542584, 0.011145671038206835, 0.008396352050115213, 0.12002652850184489, 0.002619412052114407, 0.10665287626064955, -0.020394987201383427, 0.0038470132077778434, 0.0033753598672879265, -0.0137953859094591, 0.004652571233421852, 0.013097203686127372, -0.0031454470715570767, 0.007624240511536891, 0.029147985273765883, 0.0207590850189779, 0.21269463094504024, 0.12448432132499833, 0.010144416021855701, 0.010129846261981322, -0.0026391010502793935, 0.07752323275745758, 0.0008046795724653171, 0.00014347569824134002, 0.18134420166062526, 0.0161010581827632, -0.0038147920289069233, 0.006885637472876511, -0.0034549802828858535, 0.16983622747539065, -0.0008786360400430902, -0.001172840883295795, 0.12993838475527886, -0.007161172702268098, 0.2281614818383815, 0.002596468350473769, 0.010436012597171111, 0.043387317863521756, 0.06545375591053747, -0.027878445642422037, 0.3218842677722066, -0.006349388717690695, 0.07675061507630371, 0.006850862628050047, 0.00768215915092924, 0.017205998364713617, 0.016182844455037575, 0.03672545952217479, 1.3489086680973372e-08, 0.04032719871348088, 0.01253469495851085, 0.14782305667909354, 0.006286090996495746, 0.08386231029958806, -0.005416797099101012, 0.0017299356524602706, -0.0040840131922856545, 0.01635363030458792, -0.001590586294137082, -0.01275687790491387, 0.007363230599215018, -0.0011206073197781979, 0.0008255071778991548, -0.008522590366440227, 0.003637699270628489, 0.15257749731595194, 0.04975588173990109, -0.018287180897486016, -7.065051847227055e-05, -0.013919122760914494, -0.004061069601103009, 0.0035392286100732664, 0.034209133396705844, 0.029058496684358493, -0.0048720947330282375]
[-0.014380259412061946, 0.14196350054306306, 0.05897106983427014, -0.025761173668261094, -0.004544249408230753, -0.006356100821128947, 0.05402813543005437, -0.0043625101480199695, -0.0075324583864093105, 0.1172478698167188, 0.3546074348471455, -0.010710335722641465, 0.007256678587850908, 0.14305721853402195, 0.0033378486183495933, 0.014205890577045143, 0.00673798839748126, 0.0034937341456328947, 0.028373131386858857, -0.0054706135493996855, 0.1258542066599821, 0.15062253330025155, 0.004993038852117599, 0.0009769334607387119, 0.11180273759992287, -0.001399540496955444, 0.8160161687409789, 0.06370292979931724, 0.032800813377242465, 0.003594642433810551, 0.006175906279704538, 0.2921180338992167, 0.0019471088002302244, -0.0007265135004637396, 0.16040547652748566, 0.14104320833854356, -0.005275935769365711, -0.007262487362949449, 0.07686049645614057, 0.0011362483349704763, 0.26869624072935244, 0.007444887569334436, 0.007814125012634775, 0.5967734382217204, 0.02021104920440946, 0.0022042875726819276, 0.027610720911607944, 0.015536797654152557, 0.0033143938390116415, 0.03009433627865778, 0.030298330697304716, -0.006925737157343483, 0.1299081553122966, 0.02416056464406508, 0.01848998768953177, 0.03192429345924661, 0.17076266653066352, -0.02229008691902, 0.1258740783122701, 0.031689163450152366, 0.01229420709465266, 0.003015898650480412, 0.005147527442379376, 0.02483749153306338, -0.0009293844761902899, -0.00653841811388831, 0.015281803129858327, -0.009763731746000785, 0.3517980358714007, 0.06020605731727964, 0.32568068853062404, 0.01664610665558899, 0.00807634439327621, 0.021171882231058384, 0.0031994859431582, 0.012823100839692875, 0.0009895826497125781, -0.0023989094664117125, 0.007580852924531393, 0.202078055279452, 0.018875164586634175, -0.01856717717556151, -0.004862266177215646, 0.057057116872728, 0.18212492347684886, 0.03016430949668416, 0.026045015172216718, 0.0472379258930094, 0.011707593447165847, 0.005423481324816467, -0.02107968030799233, -0.015573705754951895, -0.0005961383119324579, 0.007822877624204859, 0.03970739028122814, 0.02023408869812461, 0.019734193437443218, -0.010637924487177229, 0.002989821077070217, 0.05649098893192555, 0.3309270039087195, 0.06637500344240879, -0.005806852697839232, -0.0018090497384787936, -0.003800447452312439, -0.004908955247610693, 0.2078428645363352, 0.05192451430021808, 0.004981274745479263, -0.0033423539804960326, 0.0014471584253068338, 0.0037149854957036813, -0.0026036978450492696, 0.0022391520836160506, 0.0024694736278354583, 0.010694811694687464, -0.003870131967520301, 0.03168398419299111, 0.0241522159997343, 0.0002085006747131876, 0.03961616015735996, 0.17986069217589523, 0.25607757978418333]
[0.04087461833735296, 0.008906079060406783, 0.0022424332068330466, -0.0025208196658264635, 0.00950992921111039, -0.004919284441436848, -0.008052932489048953, 0.01831119470307405, 0.0007659891431599406, 0.03651643362336578, 0.01706918216729872, -0.0013550230490340365, 0.004516348810854138, 0.003937447010067949, 0.007624260672723564, 0.0445534845667406, 0.012595288088679006, 0.004482760305718262, 0.10520454081165667, 0.05347183533691241, -0.015191351176606374, 0.0059698259445247195, 0.02698233635543069, 0.007708659864807395, 0.032273519286425044, -0.0414090766470449, 0.011610739375946788, -0.007310885627117945, 0.009195292293183091, 0.005482289116690316, -0.0018640597555072789, 0.005752860625107125, 0.07906440182037831, 0.003185911553341892, 0.003211217004216983, 0.009453539187057027, 0.00012657465437166318, 0.0037904858983925155, -0.002878789113276654, -0.002422577501781629, 0.1069891438714663, -0.002069651120782956, 0.15347144228672438, 0.004077621447978585, 0.01341615126397002, -0.007652654809236953, 0.1048882377677759, 0.03535165240459552, 0.0201035525625322, 0.020128834350117267, 0.0007671348561601473, -0.007353144639528654, 0.003539485847705258, -0.0004030803710347458, 0.15843816059194743, -0.003467258264188239, 0.007541327630295096, 0.0012906783723660926, 0.045487224221742374, 0.02062059490724986, 0.014924218763733831, 0.029083479629632612, 0.019179280905469737, 0.029759015430365052, 0.01974740034358787, -0.007613304478079759, -0.013231571856455264, -0.006915135361522716, 0.24042925016210895, -0.0027952652300326027, -0.0013873307162614065, 0.02187693257867662, 0.01771545121959793, 0.01192043927743824, 0.15994661198219626, -0.00028293024893532117, 0.004656393433633983, 0.03247245826748286, 0.026528743937368367, -0.017801998629482927, 0.02924788937460571, -0.017239623932750244, -0.0001281439661452766, 0.020977166827067538, 0.04256753569487532, 0.024189069941169983, -0.001383600936151738, 0.0065882993067335836, -0.0006148447575004545, 0.0603932578833303, 0.005023079806792367, 0.06927908167035364, 0.0007053054414349214, 0.19284900247275086, 0.001720811793465377, 0.005893369132477541, -0.016415706406037907, -0.006064261043175522, 0.013228317272167067, 0.005122900469071044, 0.0016156289657374523, -0.014405850637250162, -0.0025754201430169695, 0.00952141341427017, 0.13088927640744236, -0.002071962192966048, 0.015278252550891583, 0.00041813170648799243, -0.008124956642904125, -0.0061010158250765535, 0.03191402046633773, 0.0066353821969002205, 0.29442363524652154, 0.010108623721975825, -0.004982941294374592, 0.012878734043800459, -0.008772744913600004, 0.07179453959075338, 0.13105252077388313, 0.00311069194705457, -0.02467585522344098, -0.008873111376279089, 0.006862086637686592, -0.0012400950872923841, -0.007110998735322483, 0.017870099662600315, 0.0027416504746398916, -0.005024275069139381, 0.0020887572605909717, 0.0002256599616443705, 0.11827731637386814, 0.03433901646992925, 0.00011052038518654938, -0.003010437062425289, 0.01785042942906751, 0.0005579452420456924, -0.005095089255238144, -0.0036381922347817433, -0.0012346164881689172, 0.0010904165385984673, 0.011094356586398542, -0.01121029281801724, 0.010980893589077842, -0.017133176427958814, 0.023127288163354274, -0.008731041898223458, -0.022697588079841704, -0.023551264513924607, 0.0023692570855445073, -0.00921798972643389, 0.008697648044546894, -0.018792148447709076, 0.002125820660222964, 0.07014254500867637, 0.007085016847582277]
[0.14834874285187546, -0.003691700875003831, -0.0023275379685162223, 0.008838357291691988, 0.007002553158898422, 0.037767839455481615, 0.29066887576533623, 0.005411562291251052, 0.02846425442624056, 0.0009780382522955045, -0.0009064261052333784, 0.004225384341929102, 0.007391326163729564, 1.0310127029509855, -0.03257422130993432, -0.00010226561980059001, 0.019060798686526412, -0.08727128036339903, 0.22761999696412924, 0.3440886014006559, -0.05111726596628016, 0.27549258116582676, 0.010142095453880248, -0.023677947182138386, 0.008908321520175164, 0.051606302531631655, -0.02949943308149485, -0.0054180242832296945, 0.010109127891452739, -0.012910471663846249, -0.020081476842536975, 0.1077007682814774, 0.20413836564383292, -0.01851402224317264, 0.00726336010990281, -0.0017555267304062469, -0.013122467974370194, 0.08673408241359515, 0.014478724070286851, 0.010241527939923972, 0.16718519579245686, 0.045550726203251755, 0.05259665225215277, 0.1033260199215351, 4.36349456833518e-05, -0.012356129748264265, -0.008789752071423905, 0.0024127610114106765, -0.01738716302265128, 0.0005643564140118485, 0.04036267369779546, -0.001232819414530046, 0.005021608058455336, 0.00439489169392503, 0.008015287079307194, 0.019087573832251046, 0.08754951892414337, 0.010219954854237632, 0.03582772365148888, -0.03439655501543562, -0.015219914237327471, 0.01751577873198125, -0.010367659503097818, -0.007120493317935112, -0.04316407913079407, 0.00039835551630363844, 0.2437885583675492, -0.004836197853442113, 0.08616531225973109, 0.10885366708170827, 0.015583016841545779, -0.011875079213654275, 0.003283708909878863, 0.0907928037436008, -0.0028411592384569584, 0.03318363757439002, -0.006427412762547617, -0.002113612240132702, -0.02461906800975458, -0.009300792981150418, -0.003762917222812119, 0.06618907875361221, 0.010691251210723233, 0.02865024544239864, 0.008322811722374467, -0.0027732518821799966, -0.026015717091561957, 0.04700917876688158, -0.026929815747195288, 0.2892641738503317, -0.0472873063029731, 7.797682568105868e-05, 0.2202839311010745, -0.0068656106432108815, 0.0033209568006556675, -0.025306968091303988, 0.06779515193423687, 0.0080860793364216, -0.004750668224675722, -0.006569718551514563, -0.003254963704065442, -0.005094418377456247, 0.038085849269214364, 0.005201295018342866, 0.06355591428368419, 0.03300455260826382, 0.17536008512016496, 0.05431990398576979, 0.00894571652421803, 0.010142530338535561, 0.0007084136628120512, -0.03029573760580853, 0.07865390726595492, -0.06854228658805606, 0.006667220934107009, 0.1787922476976182, 0.03193112411371216, -0.0013975193475148555, -0.0008004806863687041, -0.019608332890748974, -0.009779601341874942, 0.022153191210678155, 0.01656502676283403, -0.001386831772207528, 0.005158460058237317, 0.0028533735107052643, -0.001781435102219451, -0.0005400510020169852, -0.04549385689596544, -0.012627629381128278, 0.05396410533089789, 0.060810542400787704]
[0.0026392474092805374, 0.019184601990770017, 0.020347828966617826, 0.023113189825880218, 0.05127147865550627, 0.09408176918656869, -0.0023928474786305554, 0.00032065007947776336, 0.04858238436582915, 0.022620358587065015, -0.01604550304773461, 0.038003419962816865, 0.025315064488147417, -0.017117394551160847, 0.04398814302400114, -0.0024348624672032027, -0.0027379247302199983, 0.006254439846379344, 0.01964803833891343, 0.016006908175477286, 0.44125188521602193, 0.015629944500005516, -0.008400354165901791, 0.02532574500931073, -0.0015819109248910168, -0.05502970848817522, -0.004004705533809327, 0.004109650781797786, 0.006135018647733947, 0.002235308498444777, -0.17259480990634807, -0.004286454392631574, 0.033116992383148774, 0.008328725669365211, 0.0006314786168046815, 0.08397195295162688, 0.0005611341734696185, 0.1499018856323432, -0.05201569710295895, 0.045978136567685624, -0.05019286003781996, -0.00256364764935868, 0.0010144706959529515, 0.004196138075498956, -0.030415363217598246, -0.009211697988818546, 0.011122883569624348, 0.008798699115408481, 0.013677362738002019, 0.03199368438135161, 0.057247293949000716, -0.003987751148083283, 0.0686956400699445, 0.0024949814208875295, 0.024648387967304158, 0.0009585577489595838, 0.8847500459444235, -0.0010649124688802065, 0.0057823240178834405, 0.003705439780379809, 0.12264014511975715, 0.005350669700764532, 0.006588708951128258, 0.031132955714713723, -0.011530418629629188, 0.0449475754553012, -0.0035178963410701924, -0.0103275798806014, 0.024658856658058143, 0.009081404334683914, -0.0023940110520101476, 0.030266956123059914, -0.025493751883303717, 0.23805133205675344, 0.05893034722555249, 0.02802293517025392, 0.022290943268648968, 0.018493651811398226, -0.029477302474398115, -0.0008048591924336157, 0.000830600921471969, -0.0186556053133623, 0.014127752205900507, -0.011108678222285062, 0.001481661890649244, -5.910305334688726e-05, -0.007791581984286422, -0.05660955227566711, 0.023395782789656372, -0.0029180159540875827, 0.006894910419600414, 0.17560336632390394, -0.018108331169484574, -0.006704566259903122, 0.011503079185738209, 0.004890961150863599, -0.011352809388444907, -0.0026156592887284225, 0.0002579773240222183, 0.03606298612763961, 0.00389731672184504, -0.01944200991431988, 0.0009420501389852676, 0.14272853893305587, 0.008656199283829824, 0.056172205486933746, -0.0033383634159814823, -0.011456040773159093, 0.061374060114363416, -0.013297531401201379, -0.007500420768592919, 0.008978580136284952, 0.00141159028557708, 0.037812857213933626, 0.01528544999738013, 0.001730494174009528, -0.06721265325591472, 0.030651095192441163, -0.022699842912395296, -0.003081550759564733, -0.03623705581895126, -0.0012279072502173194, -0.01816048517010499]
[0.0006539939741961669, -0.0006213280847968515, 0.014086631155838997, -0.061916693849373, -0.001236871871793451, 0.043316620231110894, -0.017335454042244427, -0.0008935392779583727, 0.3362022410934342, 0.001507979774437532, 3.4513448804864976e-05, -0.004081302883476853, 0.012284621242150566, 0.012495034337395822, 0.0022852569670832406, 0.05145074520550903, -7.016631106732056e-05, -0.014539070870691803, -0.008450682229055397, 0.014890034284728041, 0.23804108938009605, -0.0037403041426048874, 4.097163649208909e-06, 0.009670817460120629, -0.0018633356436979617, 0.06767120593862623, 0.008523084749703343, -0.0016351041888382663, 0.016819095361811087, 0.04962762568122609, 0.002088959831544786, 0.11620050701025864, 0.10516835122604404, 0.0024297196143902473, 0.0013289021291821375, 0.009824608193776441, 0.038844933405379506, -0.040140905370489026, 0.05034361984137339, 0.0031220890988442294, 0.0008992270529525421, -0.0050495375676480716, -0.0013703369652439948, 0.03255598087303338, 0.009346073065801336, 0.0014539227419290669, 0.035380549945651964, -0.014996458796698815, 0.01865736873623306, 0.0036679095190849096, -0.00941113549716337, 0.025878211738688293, -0.039476509237010425, -0.006474711837137864, 0.04808475496156117, 0.22012224166125005, -0.006133864792629399, 0.012611419406942772, -0.0021367105068679196, 0.02602922925805133, -0.00371179712242205, -0.03411241259985815, -0.02231039973696866, 0.16007088623147117, -0.004571912432901993, 0.001876048342025514, 0.023538300793412112, -0.002839177401831368, -0.0013024597712713738, 0.04949113098024175, 0.007514118307919976, 0.0003461886536231186, 0.0002579273590652688, 0.0036146935759767407, -0.0006311169479197279, 0.0030895600205017664, 0.007048886361234103, -0.04676513412774028, 0.0011586356407581387, 0.017174170018200482, 0.02293376981410171, -0.02549536150957069, -0.024288416046442607, 0.003574667069164755, 0.16604371525894723, -0.001083062164100461, -0.009737676455179376, 0.01498619441950066, -0.0231375178838605, -0.008251370363341313, 0.0033837277654159463, 0.020461483854151433, 0.07157590271027597, -0.017468040907595097, 0.05122723758453075, 0.0022115898179596474, -0.009912984553115664, -0.0013823682808340664, -0.0018202533576071596, 0.00019092868851792864, 0.04481458967664027, 0.03303338912839072, 0.004186587631067748, -0.004814487054058962, 0.026761231706063576, 0.04996045828322213, -0.023152993366955615, -0.03520583127684454, 0.0003380700357375535, 0.00573811405606073, -0.0016952360615098056, -0.010104152691808803, 0.013272861423206852, -0.012368414455313625]
[0.17448552651855156, 0.0038692484438284935, 0.6280333701237177, 0.07342079818923877, -0.005518973029013607, 0.008201149646342665, -0.0035462185825272546, 0.03168585052212686, 0.0879267026303191, -0.00018275534757877798, 0.017396251017265774, 0.004341637007695577, 0.005179357586250322, 0.006993723274327075, -0.0005526914050490439, 0.0008874773594322871, -0.015647410294393038, -0.002582896566670545, 0.025107717373860163, 0.01636382002652173, 0.0017385053922661653, -0.0053635933000789615, 0.037572885884428114, 0.4033608609954539, 0.015211669259357685, 0.03593926234361394, 0.29195939347562183, 0.014849779188152695, -0.027683808899561787, 0.1166524814098501, 0.03877646718017269, 0.09202665793292814, -0.00513904076964633, -0.00770789993196308, -0.02251474852384716, 0.040589250669171156, 0.0040304914882842435, -0.0005146098777659147, 0.09383186052575115, 0.0033153180215255984, -0.000537552988513823, -0.009758416411441762, 0.011508686661958756, 0.038183083394916134, 0.05323087301765303, -0.0044893254007666306, 0.001858933948663816, 0.01596877954266901, -0.004258833135462159, 0.009874334717632799, 0.0075651337562291365, 0.02617490906416134, -0.0005050650972623916, 0.04851537863081749, 0.11232798242273731, 0.0004041652155933051, 0.0037388640891482805, -0.012736489422234598, 0.26168925347680894, 0.06275859267479772, 0.03856059539101589, -0.034817762292918386, 0.04299968754801822, 0.09141402982267377, 0.01275231161046908, 0.05350360870142096, 0.042629054464137714, 0.014558321013671967, -0.00024418869117504016, 0.021295563334828432, -0.00824315416428023, -0.02946928170515123, 0.0900693200982858, 0.027501942976258048, 0.005016094607256022, -0.02097799877482126, -0.004369226075181087, -0.012323589603668922, 0.013453194093790895, -0.06214708866685187, 0.0017619754954956712, -0.0070031089871972485, 0.17368301356714574, 0.07432809780300967, 0.09877752391012168, -0.006586571212703049, -0.019006274925769673, 0.062422469630485256, -0.008209357685752205, 0.007637433267591254, -0.00631252489116102, 0.003062104943479108, -0.010035796458329083, 0.039087179216705126, 0.0063662069479906375, 0.011070276754879288, -0.00045742996024194436, -0.010139693215152956, 0.002969587752616465, -0.01647060380940808, 0.003421786555726704, 0.03576314548703774, 0.039005597893872104, 0.003155326829643479, 0.006198094647636987, 0.013774625469294338, 0.05103283045203619, 0.04328697357930891, -0.021728651761339535, -0.07911493567535334, -0.016280333770284018, 0.014934779718189434, 0.019980260300065944, 0.17533080840211263, -0.0036046308346989187, 0.03742247719311659, 0.005914258600768885, -0.0261049888674475, 0.00024275251813016263, 0.03577338584021686, 0.04732968757073397, 0.0024091269711032925, -0.02173389091249056, -0.036382363728891386, 0.023028726514573272, -0.008455313178617594, 0.007295375997857317, -0.016632100761240054, -0.014966654877158647, -0.0002681814519757686, -0.1866273782641027, 0.0010492064020607428, -0.046312355608445765, 0.0041376656901785935, 0.07029418448038074, 0.013249548100954299, -0.04074111932968377, -0.0002413593723234464]
[-0.039409699501528915, 0.010900830874415368, 0.0039003146919717835, 0.0011795162589546837, 0.0009222349335566411, -0.001909726750944275, -0.012613942682571228, 0.06920331388437316, 0.08047952186252738, 0.0008722206634966807, -0.0002641387327345263, 0.0012107668236853186, 0.01489544576530656, 0.21063923287243486, 0.051270586076055634, 0.07165321782155343, 0.0006820404548001659, 0.012614977283187008, -0.0053661848998413225, 0.006151099170332666, 0.06210390087242369, 0.04857447055821048, 0.043882029657191596, 0.0022240815876858246, 0.013186478940411375, -0.019974308944409193, -0.017685380608475874, -0.009883010753809358, 0.17351359482054202, 0.07600321887631614, 0.00010750334154370235, -0.09977056552180072, 0.010730057751054017, -0.012217753182645298, 0.1451373779059548, -0.13118478519722127, -0.017216131632906022, 0.013318887145036058, 0.029542728611323923, -0.00543388837399261, 0.21927170232950435, -0.0030152556546164883, 0.018788956573343122, 0.02426913480678316, -0.04099679238746355, 0.040865531626649555, -0.020173606397845188, 0.0290536450392141, 0.0011175081407630682, -0.002564326522995188, 0.03527831205059489, -0.04048145031428339, 0.09187512940598455, 0.02909116289129456, 0.30417127352062434, -0.02221170014813325, 0.09406975548959086, 0.02534024331899014, 0.0050973365110186086, 0.005364188978924387, -0.03703988514578157, 1.2521116784102788, 0.038349495986063645, 0.03834573494398493, -0.01622305208915323, 0.17615161937950036, 0.0075171541482851175, -0.016556970091911392, 0.04716948245474089, 0.4810059609918393, -0.003870852965390456, -0.11248762241362652, -0.0007317496885285295, 0.00426049861514738, 0.1706722892792776, 0.16936599389389384, 0.03325380578944059, -0.0006502834163954866, -0.007287536191860368, 0.029525455920611218, 0.1339105317587117, -0.0033175780493471057, 0.07724180638709695, 0.01243668680215084, -0.036385746952468594, -0.019799078241128167, -0.0022103910850463674, 0.0012620052403476835, 0.010083513522625357, 0.0006547146590671028, -0.008230649159534389, 0.11875824211046263, -0.0025964794109954873, -0.012468648530542014, 0.013741135159938555, 0.005715973731844137, 0.0015767901239697455, 0.02027693517428187, 0.0281404594952962, -0.037237177258185226, -0.0011837237897130957, -0.005118180393829019, 0.012280474209275567, -0.0014872131634974404, 0.010261950292209682, -0.011890010342296739, 0.004653287846444575, 0.0014812028606354458, -0.0014199170678299766, -0.0014279956606083923, 0.03036832451555624, 0.001427461627117072, -0.005454039001496874, 0.0023128638527561323, 0.08120968730126744, 0.04477707126737187, 0.06084104999531129, 0.020106996241570606, -0.021482290151010903, 0.011259395862697863, 0.018114496695890037, 0.00341527490214825, 0.010561162388114534, -0.007053561085376562, 0.002905003176819822, 0.008136752702969199, 0.009452698372670258, -0.012780827676619103, -0.003811175743808215, -0.012597023688950312, 0.017686995425035164, -0.012374764573827404]
[0.0007720523967359449, 0.003117405793845701, 0.0004108337798639783, -0.0034420900069359606, 0.0076361624793550575, 0.0025546428578034643, 0.005246718607272732, 0.009005258970331248, 0.00711465307730888, 0.0019099076846848528, -0.002329213977713629, 0.0009988152672597284, 0.0025453684916461328, 0.007266315331564394, 0.00020326864637018605, 0.002277848845287034, 0.0014902474810579713, 0.035665598818020894, -0.027374486227827066, 0.0034852245638080648, 0.010357552897612782, 0.0015473713284856194, 0.00633714823022033, 0.02031645819724795, 0.048392220708752404, 0.049743539305868445, 0.0012280883776374651, 0.0034312839591371935, 0.0001254558110966031, 0.007898362854823898, 0.016131776201042197, 0.06053265881920242, -0.020209663617873852, -0.0008653438727527774, 0.011170243632155075, 0.002927041398929131, 0.10522269120592057, -0.00269297392779827, -0.0033628801552335608, 0.0006289798220551757, 0.16029900037146344, 0.013740978056498765, 0.09087880777734383, 0.04604932804073489, 0.03696152963224092, -0.00034951919587400404, 0.004058193181502495, 0.00041783100997574985, 0.014871577541991005, 0.0221896550327503, 0.018642950191874674, -0.006002844243760408, -0.005293453766719969, -0.014527961517013022, -0.01474080421421371, 0.04420524191037376, -0.00033282688538260885, 0.0037689348482944918, 0.03215918417095062, 0.017137908357831133, -0.007437113992743216, 0.0051747458905826715, -0.0005011676070462712, -0.01176422496837148, -0.0014207720150170577, 0.041618875595280935, -0.0037565302423472335, -0.0043219514133108206, 0.054702969445625305, 0.002677247866453264, -0.02100716508043049, 0.05031619227479883, 0.0067876868909217125, -0.003232598721709612, -0.02930450183832034, -0.001835346332303422, 0.062388281416805, 0.011081042224536042, -0.0037005467539201753, -0.012239439949719058, 0.004988089807561602, 0.0015600405528086447, 0.022791882782957767, 0.006372058817758153, -0.0005677502584033323, 0.06225592150138517, 0.006488802316459624, 0.030670257769658343, -0.004351175422745546, -0.05263388239750516, 0.0032027429083461845, 0.0013450600824433112, 0.07907918317289622, 0.13734145704771328, 0.022079091304032517, 0.014375350801226287, 0.15917079840054285, -0.021446334810169887, 0.011788964692801293, -0.04805595871434898, 0.12799345484595592, 0.019088849623649234, 0.2823392410678044, -0.004377089821103686, 0.018011113720282024, 0.027083812323510453, -0.016019192204339682, 0.06955562221255801, 0.010490483810185497, 0.023354271480764896, 0.5817098818910804, 0.06516075271594998, -0.006991868553528069, 0.05977462387712416, 0.2846433224798398, -0.06781635946831649, -0.020263707672231512, 0.09500042800400321, -0.002141448973639881, 0.025754971870091237, -0.002116682792039859, -0.006245673655578932, -0.010091406562789618, 0.005521584621318243, 0.005732331310172256, 0.18969031187187013, -0.010202489454582454, 0.07748090857528991, 0.03825854782002027, 0.0010522506000199272, -0.039311245964246955, 0.06597724792420653, 0.08701766510233727, 0.08254576546243156, -0.011014115921553658, 0.001929557132302695, 0.1313746346212488, 0.05605492318500399, -0.00883385360183725, -0.01381680773734556, -0.02446699131773844, 0.06987911131373975, 0.003611818093922914, 0.23842783240004983, -0.002722817809165834, 0.05726601722729619, -0.0026023626309337744, 0.006481518535201097, -0.003815751204119422, -0.023663334135383962, 0.00178536289876291, 0.03507026076633493, 0.04182738673488126, 0.012223807516638353, 0.39239814984910776, 0.02243158712665274, 0.01556872739606846, 0.01298356405725598, -0.02528094578142137, 0.12695898538466405, 0.14852624704409942, -0.0005195498932505371, 0.017269433023185676, 0.006690396623026812, -0.036070168303070194, -0.0045952918841386525, 0.005337174339163031, -0.008576620923367476, -0.003759408851342183, 0.007139176632777439, 0.004277730892699973, 0.029689116319389225, 0.0036393793919743123, -0.0018270876852176884, -0.009858941351783224, 0.008484068100554298, 0.002826513773402206, 0.03903408055604804, -0.0008678253295983374, 0.013189164843203621, -0.026069672596328974, 0.026733141667562382, 0.004512554787489159, -0.008304675878444745, 0.012989180145158513, 0.007650012348438484, 0.002660023701018012, 0.003653470860214364, -0.009552228004263363, 0.0025796858470627237, -0.02584047613318838, 0.00414940203927705, 0.008817586291573204, 0.00010459713661159498, -0.006759945522465172, -0.006279612912922783, 0.020550170913236687, -0.004029531463693725, -0.0038734527137739283, 0.0027827653791995532, 0.0482861152956924, -0.0075209631244841195, 0.1141407917378777, 0.021639057028672408, -0.005554768806561706, -0.008761718877273669, 0.005165673962094025, 0.007285354644358338, 0.386364875024491, 0.000988201865687266, -0.006909397315896348, -0.004489574849809719, -0.010745702300052229]
[0.019475968794905686, 0.012576260391741386, 0.04889159128462717, -0.006034403158793967, -0.003240658545997373, -0.015011484516264368, -0.0019844878033653006, 0.08398921093305621, 0.006753836131159445, -0.0004442377945288456, 0.01979989131496047, -0.015120005756818973, 0.004279689976278135, -0.008209830239282775, 0.00893098675222127, 0.01691528357623756, 0.07554097665756176, 0.016784199612128816, 0.02853447566073926, 0.0057199750903538195, 0.011924841681747504, 0.005188789329203956, 0.009976322338372767, 0.020825958011499102, 0.01748304671428476, 0.047963131754209305, 0.006056591793617989, 0.0011499278160375537, 0.006086108431943832, 0.06007437584771493, 0.014794980245931412, 0.011262637161031798, -0.004310394891526844, 0.14025603689422364, 0.0053052273463363615, 0.0009289329353585657, 0.026057662551090682, 0.02592327674249691, 0.16319881133831726, 0.004694101405056889, 0.0032321937130386402, 0.15191927643136782, 0.013479037402094118, 0.005164954235420003, 0.013886622374397204, 0.016706940927613514, 0.03892182029815318, -0.004102230902666598, 0.17794671613092847, -0.03144971283814109, 0.03397641413441751, 0.0028905998805743016, 0.004995140443066477, 0.09526695106842256, 0.024349192787278748, 0.037074160696609425, 0.03968854222917645, 0.02556894742088061, -0.004242701482684687, 0.23123852962555821, 0.003255700678999398, -0.07130957072305734, 0.05376878493698039, 0.027843293393948115, 0.09160401169537387, 0.018598195630641447, -0.0028736918528548283, 0.0032785929250987197, 0.0018629319112079808, -0.03077975808307751, -0.010383897264260826, 0.5951245372359736, -0.01158923062515602, -0.003402290491033642, 0.059641758811982554, 0.008494292782143517, 0.16128378624387177, -0.010952535227029608, 0.06880209531544232, -0.004131240492519275, 0.0018621745734090501, 0.024697084445808516, 0.042149720355689514, 0.02442009650093692, -0.007475235187531995, 0.020537440529988276, -0.04130261800261844, 0.045667413578194115, 0.006196768277915406, -0.02666017542584194, 0.004196528047454797, -0.007494987161642061, -0.10648990367024093, 0.17962947030402018, 0.9023721338361307, 0.036508293218999996, -0.05009491266977956, 0.18395075804299255, 0.0029339596393199597, 0.10858055153060553, 0.013746780861556288, 0.02823038758092733, 0.08005060894739892, 0.14811011272891064, -0.04767484102465151, 0.07005078643497539, 0.006912005904078435, -0.019363502470367562, 0.05038620923364884, -0.0049060696086268285, 0.006543046330630607, 0.008182206370377615, 0.02642830475162371, -0.0003449040677073452, 0.040533150744143785, -0.04042353387608449, 0.054257885764528, -4.7801481110443245e-05, 0.0013803656209183716, 0.09973682158930831, 0.03712001125830465, 0.00046654122825923937, 0.006464960548858113, 0.0011053500868502318, 0.00665504339964388, 0.03757002785177548, 0.4305897540512589, 0.09349424536814174, 0.060420446427080984, 0.05181914155208562, 0.01783938348521603, 0.44903640886108354, 0.11465694622820018, -0.050324288623198564, -0.009503978876236416, 0.03633837557157598, 0.016206471191003022, -0.0156493912581873, -0.01119032441991499, 0.2925846711136782, 0.0007931219539378748, 0.01287264146804285, 0.02902858510446211, -0.02048878682850089, -0.0028460418279650486, 0.007013915423172368, -0.0016827063646188067, 0.5765258644257383, -0.01203963025827287, 0.039197350010580695, -0.007781923375550161, -0.009202930955628125, 0.0057600887752418005, -0.06037820982923732, -0.00942457168534787, 0.20496413407632771, -0.0003307224636413607, 0.004863829025799638, 0.053821646215927284, 0.20946355688931395, 0.028355619192931007, 0.004916350538466205, -0.026426476755484932, 0.06766108805468662, 0.010503396091936719, 0.01481058398336009, -0.006213587200692418, 0.009029984320457431, -0.005153160084246183, 0.1372597896490347, 0.13217004045312075, -0.010811168859364466, 0.01578302575570006, -0.019647031058514033, 0.022242912919912424, -0.09145772185006132, 0.011446586467110375, -0.015106848299215363, 0.0038251447708633674, 0.05130548295353083, 0.04886232063389077, 0.02000973968675585, 0.02713416006653631, 0.0007719754260753317, -0.024022644599889884, 0.02042206718403656, 0.3055716762935148, 0.10134507452486914, 0.01527639231921746, 0.0020099573789773843, 0.24807711764527615, 0.0016050176837870134, -0.008483264015999104, 0.015134789375390546, -0.009336265040539114, -0.002824921912238195, 0.10670934257278483, 0.0010259880634659242, -0.0027094791775619264, 0.027961765791918062, 0.08350640781235809]
