,index,label,x,y,length,frame,r,score,intensity,background,area,perimeter,diameter(nm),length(um),final_intensity,unit_intensity,cell
22,0,206,461.9066666666667,395.6933333333333,11.770949557928697,0,5.4,0.6862745098039216,7841.46142578125,3884.5109978637092,91.60884177867838,33.929200658769766,432.00000000000006,1357.1680263507906,3956.9504279175408,116.62374447641984,WAVE2_dPRD/tirf/250319_pMW166_latb_tirf_1-1_SIR.tif
26,0,232,463.9189189189189,605.3243243243244,8.973543803728413,0,4.0,0.6538461538461539,4084.4609375,1779.4400754629821,50.26548245743669,25.132741228718345,320.0,1005.3096491487339,2305.0208620370177,91.71386603078327,WAVE2_dPRD/tirf/250319_pMW166_latb_tirf_1-1_SIR.tif
46,0,386,496.34285714285716,665.0571428571428,8.799034363959144,0,3.2,0.6744186046511628,2678.142822265625,1375.6551216292382,32.169908772759484,20.106192982974676,256.0,804.247719318987,1302.4877006363868,64.78042371021179,WAVE2_dPRD/tirf/250319_pMW166_latb_tirf_1-1_SIR.tif
13,0,112,430.95535714285717,392.7142857142857,14.630259625895857,1,5.9,0.7131782945736435,11485.1572265625,3264.7310264425723,109.3588402714607,37.07079331235956,472.00000000000006,1482.8317324943825,8220.426200119928,221.749400690036,WAVE2_dPRD/tirf/250319_pMW166_latb_tirf_1-1_SIR.tif
20,0,163,443.6585365853659,588.1463414634146,8.541033614932212,1,4.0,0.6981132075471698,4150.4853515625,1829.7066658826172,50.26548245743669,25.132741228718345,320.0,1005.3096491487339,2320.778685679883,92.34084991206636,WAVE2_dPRD/tirf/250319_pMW166_latb_tirf_1-1_SIR.tif
36,0,302,470.4054054054054,378.14864864864865,13.296951761818006,1,5.0,0.6666666666666666,7144.8564453125,2824.892113510072,78.53981633974483,31.41592653589793,400.0,1256.6370614359173,4319.964331802428,137.50873547740662,WAVE2_dPRD/tirf/250319_pMW166_latb_tirf_1-1_SIR.tif
37,0,303,467.7291666666667,417.4166666666667,10.247443084206223,1,4.300000000000001,0.703125,5686.8447265625,2478.3457505794618,58.08804816487529,27.017696820872224,344.00000000000006,1080.7078728348888,3208.4989759830382,118.75545858906625,WAVE2_dPRD/tirf/250319_pMW166_latb_tirf_1-1_SIR.tif
39,0,371,481.64285714285717,523.4047619047619,9.76496177427264,1,3.7,0.7058823529411765,4029.621826171875,1670.7850324988367,43.008403427644275,23.24778563656447,296.00000000000006,929.9114254625788,2358.8367936730383,101.46500963786521,WAVE2_dPRD/tirf/250319_pMW166_latb_tirf_1-1_SIR.tif
70,0,673,539.4615384615385,657.0,9.533305622263248,1,3.2,0.6521739130434783,3090.009765625,1542.6036924096197,32.169908772759484,20.106192982974676,256.0,804.247719318987,1547.4060732153803,76.96166422582722,WAVE2_dPRD/tirf/250319_pMW166_latb_tirf_1-1_SIR.tif
75,0,773,564.204081632653,456.2857142857143,10.423793787719196,1,4.2,0.7096774193548387,4859.1357421875,2317.324294571579,55.41769440932395,26.389378290154262,336.0,1055.5751316061705,2541.811447615921,96.31948959420001,WAVE2_dPRD/tirf/250319_pMW166_latb_tirf_1-1_SIR.tif
28,0,238,457.5689655172414,541.3793103448276,12.27807441562551,2,4.300000000000001,0.6527777777777778,5416.26708984375,2773.7529183191064,58.08804816487529,27.017696820872224,344.00000000000006,1080.7078728348888,2642.5141715246436,97.80678897407711,WAVE2_dPRD/tirf/250319_pMW166_latb_tirf_1-1_SIR.tif
80,0,808,573.0277777777778,596.6111111111111,11.401256617618365,2,4.5,0.6785714285714286,5761.1552734375,2422.2578750771286,63.61725123519331,28.274333882308138,360.0,1130.9733552923256,3338.8973983603714,118.08933898349385,WAVE2_dPRD/tirf/250319_pMW166_latb_tirf_1-1_SIR.tif
83,0,861,589.3541666666666,600.1875,8.75075143956917,2,4.300000000000001,0.703125,4536.9599609375,2364.8408322450514,58.08804816487529,27.017696820872224,344.00000000000006,1080.7078728348888,2172.1191286924486,80.39616193392185,WAVE2_dPRD/tirf/250319_pMW166_latb_tirf_1-1_SIR.tif
84,0,865,593.2121212121212,574.1363636363636,10.743482728612664,2,5.1000000000000005,0.6666666666666666,7658.26171875,2988.7737049387397,81.71282491987054,32.04424506661589,408.00000000000006,1281.7698026646358,4669.48801381126,145.72001943263106,WAVE2_dPRD/tirf/250319_pMW166_latb_tirf_1-1_SIR.tif
45,0,301,482.1142857142857,567.4,8.887658517037362,3,3.2,0.6744186046511628,3134.10400390625,1435.4865984837315,32.169908772759484,20.106192982974676,256.0,804.247719318987,1698.6174054225185,84.48229890466371,WAVE2_dPRD/tirf/250319_pMW166_latb_tirf_1-1_SIR.tif
59,0,471,522.8412698412699,308.46031746031747,10.90589968277574,3,4.5,0.6923076923076923,5498.3173828125,2127.0334887906165,63.61725123519331,28.274333882308138,360.0,1130.9733552923256,3371.2838940218835,119.2347769554836,WAVE2_dPRD/tirf/250319_pMW166_latb_tirf_1-1_SIR.tif
69,0,583,551.2424242424242,397.5151515151515,9.124632921596042,3,3.2,0.6666666666666666,3346.1923828125,1523.8749169884622,32.169908772759484,20.106192982974676,256.0,804.247719318987,1822.3174658240378,90.6346351776849,WAVE2_dPRD/tirf/250319_pMW166_latb_tirf_1-1_SIR.tif
75,0,657,574.4473684210526,595.1447368421053,11.834862704287122,3,5.1000000000000005,0.6836734693877551,7567.7548828125,3076.067196271717,81.71282491987054,32.04424506661589,408.00000000000006,1281.7698026646358,4491.687686540783,140.17143100744417,WAVE2_dPRD/tirf/250319_pMW166_latb_tirf_1-1_SIR.tif
79,0,688,588.0869565217391,598.5434782608696,9.028472198271198,3,3.7,0.75,4165.3857421875,1713.4544462364165,43.008403427644275,23.24778563656447,296.00000000000006,929.9114254625788,2451.9312959510835,105.46945564117078,WAVE2_dPRD/tirf/250319_pMW166_latb_tirf_1-1_SIR.tif
82,0,736,613.2,566.3777777777777,11.01600260547148,3,4.2,0.6721311475409836,4425.833984375,2105.7990714848743,55.41769440932395,26.389378290154262,336.0,1055.5751316061705,2320.0349128901257,87.91548203148531,WAVE2_dPRD/tirf/250319_pMW166_latb_tirf_1-1_SIR.tif
41,0,382,514.1290322580645,596.8064516129032,8.29054789909431,4,3.2,0.6585365853658537,3019.78564453125,1548.300750555396,32.169908772759484,20.106192982974676,256.0,804.247719318987,1471.484893975854,73.1856545504096,WAVE2_dPRD/tirf/250319_pMW166_latb_tirf_1-1_SIR.tif
56,0,593,572.1063829787234,594.4574468085107,14.486404145361783,4,5.1000000000000005,0.7102803738317757,7752.859375,2936.9448206308484,81.71282491987054,32.04424506661589,408.00000000000006,1281.7698026646358,4815.914554369152,150.28953075216722,WAVE2_dPRD/tirf/250319_pMW166_latb_tirf_1-1_SIR.tif
68,0,773,676.1515151515151,600.6969696969697,9.4169036853448,4,2.9000000000000004,0.6571428571428571,2761.31591796875,773.9692758098245,26.420794216690165,18.221237390820804,232.00000000000003,728.8494956328321,1987.3466421589255,109.06760059885276,WAVE2_dPRD/tirf/250319_pMW166_latb_tirf_1-1_SIR.tif
0,0,8,102.52083333333333,462.4375,8.640588254570426,1,3.7,0.7222222222222222,4723.70849609375,954.9017376020552,43.008403427644275,23.24778563656447,296.00000000000006,929.9114254625788,3768.806758491695,162.1146554519179,WAVE2_dPRD/tirf/250319_pMW166_latb_tirf_1-2_SIR.tif
6,0,437,695.2647058823529,638.2058823529412,8.903663955040813,1,3.2,0.6511627906976745,2792.595458984375,1138.8545816494525,32.169908772759484,20.106192982974676,256.0,804.247719318987,1653.7408773349225,82.25032350655646,WAVE2_dPRD/tirf/250319_pMW166_latb_tirf_1-2_SIR.tif
2,0,273,568.5757575757576,453.24242424242425,8.650763154070226,2,3.2,0.6666666666666666,2789.4228515625,1036.3420757607369,32.169908772759484,20.106192982974676,256.0,804.247719318987,1753.0807758017631,87.19108472132042,WAVE2_dPRD/tirf/250319_pMW166_latb_tirf_1-2_SIR.tif
0,0,17,217.64705882352942,996.0882352941177,8.490664517088488,4,3.2,0.6904761904761905,3080.251953125,779.9010250402241,32.169908772759484,20.106192982974676,256.0,804.247719318987,2300.3509280847757,114.41006907835035,WAVE2_dPRD/tirf/250319_pMW166_latb_tirf_1-2_SIR.tif
3,0,43,115.5,227.0,8.00297025833623,0,3.2,0.6511627906976745,2319.050048828125,1004.6874377982317,32.169908772759484,20.106192982974676,256.0,804.247719318987,1314.3626110298933,65.37103330018051,WAVE2_dPRD/tirf/250319_pMW166_latb_tirf_1-3_SIR.tif
0,0,4,69.57894736842105,190.52631578947367,10.307577649495023,1,3.2,0.7045454545454546,3254.03955078125,778.5095663867146,32.169908772759484,20.106192982974676,256.0,804.247719318987,2475.5299843945354,123.12276055893527,WAVE2_dPRD/tirf/250319_pMW166_latb_tirf_1-3_SIR.tif
6,0,84,172.15217391304347,165.91304347826087,10.587775422203377,4,3.7,0.6545454545454545,3135.448974609375,1265.640632346645,43.008403427644275,23.24778563656447,296.00000000000006,929.9114254625788,1869.80834226273,80.42952440691242,WAVE2_dPRD/tirf/250319_pMW166_latb_tirf_1-3_SIR.tif
14,0,164,250.05633802816902,223.53521126760563,11.629299044536095,4,4.5,0.6666666666666666,4620.921875,1492.019080118062,63.61725123519331,28.274333882308138,360.0,1130.9733552923256,3128.902794881938,110.66229916877936,WAVE2_dPRD/tirf/250319_pMW166_latb_tirf_1-3_SIR.tif
10,0,71,211.5625,143.20833333333334,9.271439660862404,0,4.0,0.7636363636363637,3278.484375,1136.25854666516,50.26548245743669,25.132741228718345,320.0,1005.3096491487339,2142.22582833484,85.23645744965496,WAVE2_dPRD/tirf/250319_pMW166_latb_tirf_1-3-2_SIR.tif
14,0,93,232.30769230769232,70.56043956043956,13.214728327055923,0,5.9,0.680672268907563,6870.5634765625,2094.8873958022145,109.3588402714607,37.07079331235956,472.00000000000006,1482.8317324943825,4775.676080760286,128.82583980656423,WAVE2_dPRD/tirf/250319_pMW166_latb_tirf_1-3-2_SIR.tif
25,0,199,364.2906976744186,199.82558139534885,12.654077164951055,0,5.0,0.67,5820.62646484375,1758.0677542877197,78.53981633974483,31.41592653589793,400.0,1256.6370614359173,4062.5587105560303,129.31526007720575,WAVE2_dPRD/tirf/250319_pMW166_latb_tirf_1-3-2_SIR.tif
15,0,83,233.68817204301075,70.58064516129032,14.51451123780441,1,5.4,0.6666666666666666,6964.9775390625,1840.3184136552736,91.60884177867838,33.929200658769766,432.00000000000006,1357.1680263507906,5124.659125407226,151.03978360547208,WAVE2_dPRD/tirf/250319_pMW166_latb_tirf_1-3-2_SIR.tif
21,0,118,278.16279069767444,257.8139534883721,8.75897837779825,1,3.7,0.6923076923076923,2958.16259765625,1136.1465377284214,43.008403427644275,23.24778563656447,296.00000000000006,929.9114254625788,1822.0160599278286,78.37374657576565,WAVE2_dPRD/tirf/250319_pMW166_latb_tirf_1-3-2_SIR.tif
27,0,176,363.3333333333333,193.26190476190476,8.654947541230877,1,3.2,0.7954545454545454,3043.130126953125,931.2973599737138,32.169908772759484,20.106192982974676,256.0,804.247719318987,2111.832766979411,105.03394495256502,WAVE2_dPRD/tirf/250319_pMW166_latb_tirf_1-3-2_SIR.tif
13,0,66,214.02898550724638,299.463768115942,12.147132473745057,2,5.0,0.6853932584269663,5253.8330078125,1586.0073812516032,78.53981633974483,31.41592653589793,400.0,1256.6370614359173,3667.825626560897,116.75051577325898,WAVE2_dPRD/tirf/250319_pMW166_latb_tirf_1-3-2_SIR.tif
19,0,114,329.49056603773585,227.11320754716982,9.116219840860765,3,4.0,0.7894736842105263,3847.89501953125,1226.2858599392325,50.26548245743669,25.132741228718345,320.0,1005.3096491487339,2621.6091595920175,104.31051415101477,WAVE2_dPRD/tirf/250319_pMW166_latb_tirf_1-3-2_SIR.tif
0,0,10,64.38028169014085,147.0,11.815162189951609,4,5.0,0.7078651685393258,5516.7978515625,1751.601262090132,78.53981633974483,31.41592653589793,400.0,1256.6370614359173,3765.196589472368,119.84992978545463,WAVE2_dPRD/tirf/250319_pMW166_latb_tirf_1-3-2_SIR.tif
3,0,49,384.7260273972603,439.16438356164383,10.838776727785067,0,5.1000000000000005,0.7608695652173914,8052.255859375,2873.458691964541,81.71282491987054,32.04424506661589,408.00000000000006,1281.7698026646358,5178.797167410459,161.61395460072163,WAVE2_dPRD/tirf/250319_pMW166_latb_tirf_1-4_SIR.tif
11,0,101,436.56451612903226,506.1774193548387,10.698843680998202,0,4.2,0.7246376811594203,4735.73828125,2000.2242850212383,55.41769440932395,26.389378290154262,336.0,1055.5751316061705,2735.5139962287617,103.65966057068376,WAVE2_dPRD/tirf/250319_pMW166_latb_tirf_1-4_SIR.tif
6,0,52,390.8933333333333,461.14666666666665,11.85609730066711,1,5.7,0.6761904761904762,8622.931640625,3614.55128727518,102.07034531513239,35.814156250923645,456.0,1432.5662500369458,5008.380353349819,139.84359475788722,WAVE2_dPRD/tirf/250319_pMW166_latb_tirf_1-4_SIR.tif
13,0,88,425.8988764044944,487.4269662921348,12.084707179535068,1,5.9,0.6779661016949152,8976.99609375,3918.554400898739,109.3588402714607,37.07079331235956,472.00000000000006,1482.8317324943825,5058.441692851261,136.45355928125645,WAVE2_dPRD/tirf/250319_pMW166_latb_tirf_1-4_SIR.tif
22,0,140,484.3333333333333,518.3611111111111,8.886409553359758,1,3.2,0.6590909090909091,3173.757080078125,1305.3974402410163,32.169908772759484,20.106192982974676,256.0,804.247719318987,1868.3596398371087,92.9245850479591,WAVE2_dPRD/tirf/250319_pMW166_latb_tirf_1-4_SIR.tif
14,0,88,452.265625,558.359375,11.996981355091522,3,4.5,0.6625,5595.994140625,1784.8454445726425,63.61725123519331,28.274333882308138,360.0,1130.9733552923256,3811.1486960523575,134.79181196332536,WAVE2_dPRD/tirf/250319_pMW166_latb_tirf_1-4_SIR.tif
4,0,31,374.1458333333333,444.5416666666667,10.594917354276417,4,4.0,0.6724137931034483,4671.6708984375,1931.4404582840207,50.26548245743669,25.132741228718345,320.0,1005.3096491487339,2740.2304401534793,109.03030494032659,WAVE2_dPRD/tirf/250319_pMW166_latb_tirf_1-4_SIR.tif
8,0,495,368.64444444444445,628.1555555555556,10.075549646266275,0,4.0,0.6785714285714286,4200.5068359375,2047.5246182745693,50.26548245743669,25.132741228718345,320.0,1005.3096491487339,2152.9822176629305,85.66444058250158,WAVE2_dPRD/tirf/250319_pMW166_latb_tirf_1-5_SIR.tif
47,0,1431,523.939393939394,363.09090909090907,7.293008338806154,0,3.2,0.7073170731707317,2903.839111328125,1342.768379816264,32.169908772759484,20.106192982974676,256.0,804.247719318987,1561.070731511861,77.64128857381051,WAVE2_dPRD/tirf/250319_pMW166_latb_tirf_1-5_SIR.tif
59,0,1715,579.9090909090909,455.0,7.65143533440332,0,3.2,0.6666666666666666,3410.6357421875,1457.1260914652607,32.169908772759484,20.106192982974676,256.0,804.247719318987,1953.5096507222393,97.15959915317698,WAVE2_dPRD/tirf/250319_pMW166_latb_tirf_1-5_SIR.tif
61,0,1746,584.0588235294117,880.7352941176471,7.0047136974983335,0,3.2,0.6904761904761905,3136.52587890625,1543.250119385943,32.169908772759484,20.106192982974676,256.0,804.247719318987,1593.275759520307,79.24303526129712,WAVE2_dPRD/tirf/250319_pMW166_latb_tirf_1-5_SIR.tif
81,0,2130,653.046511627907,536.5813953488372,9.650347136977075,0,4.0,0.7037037037037037,3723.005859375,1941.9487720606478,50.26548245743669,25.132741228718345,320.0,1005.3096491487339,1781.0570873143522,70.86600984373315,WAVE2_dPRD/tirf/250319_pMW166_latb_tirf_1-5_SIR.tif
97,0,2343,698.1578947368421,593.4736842105264,9.304308219520445,0,3.2,0.6666666666666666,3272.48583984375,1626.9560750111195,32.169908772759484,20.106192982974676,256.0,804.247719318987,1645.5297648326305,81.84193627436163,WAVE2_dPRD/tirf/250319_pMW166_latb_tirf_1-5_SIR.tif
124,0,2604,744.9777777777778,704.2666666666667,9.729929454971494,0,3.7,0.6666666666666666,3527.17529296875,1723.2826527781785,43.008403427644275,23.24778563656447,296.00000000000006,929.9114254625788,1803.8926401905715,77.59417040362682,WAVE2_dPRD/tirf/250319_pMW166_latb_tirf_1-5_SIR.tif
139,0,2734,765.4761904761905,849.4047619047619,9.035669181690508,0,4.0,0.7169811320754716,4233.5966796875,1595.8734727424383,50.26548245743669,25.132741228718345,320.0,1005.3096491487339,2637.723206945062,104.95167172337825,WAVE2_dPRD/tirf/250319_pMW166_latb_tirf_1-5_SIR.tif
158,0,2990,812.4117647058823,568.1176470588235,8.72853236317016,0,3.2,0.6511627906976745,2552.0546875,1602.3724543986468,32.169908772759484,20.106192982974676,256.0,804.247719318987,949.6822331013532,47.23331930144686,WAVE2_dPRD/tirf/250319_pMW166_latb_tirf_1-5_SIR.tif
14,0,732,398.5128205128205,602.8461538461538,9.310941436147024,1,3.2,0.6521739130434783,3100.09033203125,1472.618777385056,32.169908772759484,20.106192982974676,256.0,804.247719318987,1627.471554646194,80.94379458231045,WAVE2_dPRD/tirf/250319_pMW166_latb_tirf_1-5_SIR.tif
35,0,1032,446.2758620689655,418.55172413793105,10.233754822441457,1,4.300000000000001,0.7246376811594203,5068.466796875,1824.5626034583988,58.08804816487529,27.017696820872224,344.00000000000006,1080.7078728348888,3243.904193416601,120.06590402297203,WAVE2_dPRD/tirf/250319_pMW166_latb_tirf_1-5_SIR.tif
71,0,1895,595.18,394.92,9.846516576772599,1,4.300000000000001,0.6567164179104478,4684.3076171875,2273.683573079891,58.08804816487529,27.017696820872224,344.00000000000006,1080.7078728348888,2410.624044107609,89.22389129207001,WAVE2_dPRD/tirf/250319_pMW166_latb_tirf_1-5_SIR.tif
100,0,2335,662.7575757575758,600.0909090909091,8.530224206894783,1,3.2,0.6666666666666666,3375.69873046875,1566.4488082504274,32.169908772759484,20.106192982974676,256.0,804.247719318987,1809.2499222183226,89.98470887802287,WAVE2_dPRD/tirf/250319_pMW166_latb_tirf_1-5_SIR.tif
8,0,518,364.0444444444444,754.1111111111111,8.669798178909277,2,3.7,0.6981132075471698,4343.904296875,1698.153302565962,43.008403427644275,23.24778563656447,296.00000000000006,929.9114254625788,2645.750994309038,113.80658079312985,WAVE2_dPRD/tirf/250319_pMW166_latb_tirf_1-5_SIR.tif
74,0,1481,522.6111111111111,394.94444444444446,8.380341093397693,2,3.2,0.6590909090909091,3312.678466796875,1550.663911547214,32.169908772759484,20.106192982974676,256.0,804.247719318987,1762.014555249661,87.63541445870347,WAVE2_dPRD/tirf/250319_pMW166_latb_tirf_1-5_SIR.tif
93,0,1833,586.3939393939394,323.0,7.632279496247544,2,3.7,0.7333333333333333,4554.6533203125,1697.734059932828,43.008403427644275,23.24778563656447,296.00000000000006,929.9114254625788,2856.919260379672,122.88995197401795,WAVE2_dPRD/tirf/250319_pMW166_latb_tirf_1-5_SIR.tif
126,0,2276,659.1041666666666,393.8958333333333,9.744992097555082,2,3.7,0.6607142857142857,3865.77734375,1880.098531419318,43.008403427644275,23.24778563656447,296.00000000000006,929.9114254625788,1985.678812330682,85.41367523656001,WAVE2_dPRD/tirf/250319_pMW166_latb_tirf_1-5_SIR.tif
139,0,2444,689.1935483870968,622.0645161290323,9.310689461352116,2,3.2,0.6585365853658537,2831.6630859375,1912.9555956822633,32.169908772759484,20.106192982974676,256.0,804.247719318987,918.7074902552367,45.692761978021935,WAVE2_dPRD/tirf/250319_pMW166_latb_tirf_1-5_SIR.tif
145,0,2505,704.3692307692307,661.6769230769231,10.979632349842031,2,5.0,0.6781609195402298,7149.4208984375,2707.591129364446,78.53981633974483,31.41592653589793,400.0,1256.6370614359173,4441.829769073054,141.38783282414173,WAVE2_dPRD/tirf/250319_pMW166_latb_tirf_1-5_SIR.tif
90,0,1919,584.0285714285715,487.77142857142854,7.428209525787727,3,3.2,0.7142857142857143,3162.123291015625,1837.267318310365,32.169908772759484,20.106192982974676,256.0,804.247719318987,1324.85597270526,65.89293029401978,WAVE2_dPRD/tirf/250319_pMW166_latb_tirf_1-5_SIR.tif
121,0,2382,663.1190476190476,675.2380952380952,9.122399492877335,3,3.2,0.7555555555555555,4233.4560546875,1327.088823663257,32.169908772759484,20.106192982974676,256.0,804.247719318987,2906.3672310242428,144.5508472680665,WAVE2_dPRD/tirf/250319_pMW166_latb_tirf_1-5_SIR.tif
181,0,2918,758.6129032258065,787.258064516129,8.337424594789592,3,3.7,0.6521739130434783,3268.8037109375,1532.1397267179564,43.008403427644275,23.24778563656447,296.00000000000006,929.9114254625788,1736.6639842195436,74.70233988600154,WAVE2_dPRD/tirf/250319_pMW166_latb_tirf_1-5_SIR.tif
95,0,1814,582.5294117647059,871.5,7.579368668186764,4,3.2,0.6904761904761905,3246.7763671875,1499.5458977077901,32.169908772759484,20.106192982974676,256.0,804.247719318987,1747.2304694797099,86.9001143557715,WAVE2_dPRD/tirf/250319_pMW166_latb_tirf_1-5_SIR.tif
184,0,2873,766.8235294117648,533.2352941176471,8.428393099744483,4,3.2,0.6904761904761905,3630.950927734375,1667.9779491273314,32.169908772759484,20.106192982974676,256.0,804.247719318987,1962.9729786070436,97.63026646910384,WAVE2_dPRD/tirf/250319_pMW166_latb_tirf_1-5_SIR.tif
195,0,2959,783.5230769230769,585.1692307692308,11.592521852431908,4,4.5,0.654320987654321,5425.482421875,2545.713195977546,63.61725123519331,28.274333882308138,360.0,1130.9733552923256,2879.769225897454,101.85100161455573,WAVE2_dPRD/tirf/250319_pMW166_latb_tirf_1-5_SIR.tif
200,0,3024,794.2105263157895,552.6842105263158,9.260530569371253,4,3.7,0.6938775510204082,3820.370849609375,1845.671305283904,43.008403427644275,23.24778563656447,296.00000000000006,929.9114254625788,1974.699544325471,84.9414036758681,WAVE2_dPRD/tirf/250319_pMW166_latb_tirf_1-5_SIR.tif
236,0,3557,909.046511627907,615.6279069767442,8.902325252212782,4,4.2,0.6949152542372882,4011.648681640625,2255.2868361604214,55.41769440932395,26.389378290154262,336.0,1055.5751316061705,1756.3618454802036,66.55563561099478,WAVE2_dPRD/tirf/250319_pMW166_latb_tirf_1-5_SIR.tif
9,0,90,365.5,450.1363636363636,8.958970854252222,0,3.7,0.78,5859.8427734375,2350.9106952354314,43.008403427644275,23.24778563656447,296.00000000000006,929.9114254625788,3508.9320782020686,150.9361851944801,WAVE2_dPRD/tirf/250319_pMW166_latb_tirf_1-6_SIR.tif
15,0,118,380.0,432.1333333333333,10.503422089946817,0,3.7,0.6981132075471698,5062.07666015625,2401.719805550761,43.008403427644275,23.24778563656447,296.00000000000006,929.9114254625788,2660.356854605489,114.43484967537034,WAVE2_dPRD/tirf/250319_pMW166_latb_tirf_1-6_SIR.tif
23,0,163,401.93023255813955,501.25581395348837,13.944746069133771,0,5.9,0.652542372881356,11834.013671875,4616.668485378325,109.3588402714607,37.07079331235956,472.00000000000006,1482.8317324943825,7217.345186496675,194.69087498838016,WAVE2_dPRD/tirf/250319_pMW166_latb_tirf_1-6_SIR.tif
26,0,179,415.26153846153846,488.03076923076924,10.241258136507392,0,4.5,0.7402597402597403,7890.220703125,3658.0769258181003,63.61725123519331,28.274333882308138,360.0,1130.9733552923256,4232.143777306899,149.68146711866635,WAVE2_dPRD/tirf/250319_pMW166_latb_tirf_1-6_SIR.tif
30,0,217,436.45,502.15,8.863005138475733,0,3.7,0.6666666666666666,5068.4921875,2303.977238055132,43.008403427644275,23.24778563656447,296.00000000000006,929.9114254625788,2764.514949444868,118.91519444745727,WAVE2_dPRD/tirf/250319_pMW166_latb_tirf_1-6_SIR.tif
39,0,284,488.0217391304348,409.10869565217394,9.817818349443016,0,3.7,0.75,5780.67138671875,2738.307275385037,43.008403427644275,23.24778563656447,296.00000000000006,929.9114254625788,3042.364111333713,130.86683432544373,WAVE2_dPRD/tirf/250319_pMW166_latb_tirf_1-6_SIR.tif
4,0,40,331.5625,509.15625,8.222494287828946,1,3.7,0.6739130434782609,4990.1611328125,2010.041199342906,43.008403427644275,23.24778563656447,296.00000000000006,929.9114254625788,2980.119933469594,128.1894103833449,WAVE2_dPRD/tirf/250319_pMW166_latb_tirf_1-6_SIR.tif
16,0,102,380.27906976744185,431.27906976744185,8.238298392135228,1,3.7,0.8333333333333334,5822.99853515625,2468.6575361251835,43.008403427644275,23.24778563656447,296.00000000000006,929.9114254625788,3354.3409990310665,144.28647319232454,WAVE2_dPRD/tirf/250319_pMW166_latb_tirf_1-6_SIR.tif
18,0,132,398.0,486.2409638554217,10.99441572358037,1,5.0,0.8021978021978022,11558.9599609375,4489.5100714652435,78.53981633974483,31.41592653589793,400.0,1256.6370614359173,7069.4498894722565,225.02757896999256,WAVE2_dPRD/tirf/250319_pMW166_latb_tirf_1-6_SIR.tif
20,0,143,401.52525252525254,501.64646464646466,15.886814034318984,1,5.9,0.6507936507936508,12328.9033203125,4096.597782886029,109.3588402714607,37.07079331235956,472.00000000000006,1482.8317324943825,8232.305537426471,222.06985073291608,WAVE2_dPRD/tirf/250319_pMW166_latb_tirf_1-6_SIR.tif
35,0,230,465.44897959183675,495.55102040816325,10.008606995724435,1,4.2,0.7377049180327869,5954.91162109375,3110.70888700068,55.41769440932395,26.389378290154262,336.0,1055.5751316061705,2844.20273409307,107.77831530628468,WAVE2_dPRD/tirf/250319_pMW166_latb_tirf_1-6_SIR.tif
42,0,262,483.2894736842105,496.7368421052632,8.2937797138399,1,3.2,0.7045454545454546,5004.3896484375,1980.97018489331,32.169908772759484,20.106192982974676,256.0,804.247719318987,3023.41946354419,150.3725477072826,WAVE2_dPRD/tirf/250319_pMW166_latb_tirf_1-6_SIR.tif
52,0,303,516.219512195122,429.219512195122,9.155981505042094,1,4.0,0.6981132075471698,5694.6435546875,2726.5000375363234,50.26548245743669,25.132741228718345,320.0,1005.3096491487339,2968.1435171511766,118.0986781401934,WAVE2_dPRD/tirf/250319_pMW166_latb_tirf_1-6_SIR.tif
54,0,315,530.082191780822,638.6712328767123,13.239317125854939,1,4.5,0.7108433734939759,8323.8251953125,2464.1851529261467,63.61725123519331,28.274333882308138,360.0,1130.9733552923256,5859.640042386353,207.24237277444252,WAVE2_dPRD/tirf/250319_pMW166_latb_tirf_1-6_SIR.tif
12,0,85,373.3611111111111,465.05555555555554,8.10945550742365,2,3.0,0.7567567567567568,3631.6552734375,1727.6625312925676,28.274333882308138,18.84955592153876,240.0,753.9822368615504,1903.9927421449324,101.00995217448616,WAVE2_dPRD/tirf/250319_pMW166_latb_tirf_1-6_SIR.tif
16,0,106,385.0,395.3269230769231,9.71663946004464,2,4.5,0.6575342465753424,6800.81787109375,3474.1778637635707,63.61725123519331,28.274333882308138,360.0,1130.9733552923256,3326.6400073301793,117.65582245641266,WAVE2_dPRD/tirf/250319_pMW166_latb_tirf_1-6_SIR.tif
22,0,143,401.5176470588235,501.2823529411765,13.028384529064006,2,5.4,0.7333333333333333,11406.201171875,4187.56363192141,91.60884177867838,33.929200658769766,432.00000000000006,1357.1680263507906,7218.63753995359,212.75589756895056,WAVE2_dPRD/tirf/250319_pMW166_latb_tirf_1-6_SIR.tif
32,0,210,449.0,484.5130434782609,17.77331392559384,2,5.9,0.6592592592592592,11999.638671875,4767.790259121507,109.3588402714607,37.07079331235956,472.00000000000006,1482.8317324943825,7231.848412753493,195.08210552220265,WAVE2_dPRD/tirf/250319_pMW166_latb_tirf_1-6_SIR.tif
38,0,251,476.36036036036035,465.23423423423424,16.775814809028773,2,5.9,0.6515151515151515,12966.0380859375,4826.411763319895,109.3588402714607,37.07079331235956,472.00000000000006,1482.8317324943825,8139.626322617605,219.56979053652512,WAVE2_dPRD/tirf/250319_pMW166_latb_tirf_1-6_SIR.tif
49,0,303,511.6666666666667,408.7878787878788,7.978280028629857,2,3.2,0.6666666666666666,4615.40673828125,2244.0552448374033,32.169908772759484,20.106192982974676,256.0,804.247719318987,2371.3514934438467,117.94134749685514,WAVE2_dPRD/tirf/250319_pMW166_latb_tirf_1-6_SIR.tif
54,0,362,574.609756097561,451.0,9.895054181800374,2,4.0,0.6666666666666666,4761.23046875,2209.5619664226283,50.26548245743669,25.132741228718345,320.0,1005.3096491487339,2551.6685023273717,101.52766381932366,WAVE2_dPRD/tirf/250319_pMW166_latb_tirf_1-6_SIR.tif
10,0,93,384.780487804878,394.5853658536585,8.87389395901723,3,3.7,0.6862745098039216,5206.30859375,2071.5408550802613,43.008403427644275,23.24778563656447,296.00000000000006,929.9114254625788,3134.7677386697387,134.84156244710587,WAVE2_dPRD/tirf/250319_pMW166_latb_tirf_1-6_SIR.tif
13,0,119,399.5068493150685,487.45205479452056,11.279086513247712,3,4.5,0.7317073170731707,10561.083984375,3607.348663991019,63.61725123519331,28.274333882308138,360.0,1130.9733552923256,6953.735320383981,245.93807759818114,WAVE2_dPRD/tirf/250319_pMW166_latb_tirf_1-6_SIR.tif
14,0,120,401.6904761904762,500.4642857142857,12.238126464905635,3,5.7,0.6972477064220184,11004.6005859375,4453.864340014607,102.07034531513239,35.814156250923645,456.0,1432.5662500369458,6550.736245922893,182.90913235611828,WAVE2_dPRD/tirf/250319_pMW166_latb_tirf_1-6_SIR.tif
22,0,173,440.6764705882353,412.02941176470586,8.215426974341767,3,3.2,0.7317073170731707,4562.01953125,1963.2136117324233,32.169908772759484,20.106192982974676,256.0,804.247719318987,2598.8059195175765,129.25400257115646,WAVE2_dPRD/tirf/250319_pMW166_latb_tirf_1-6_SIR.tif
4,0,30,326.64102564102564,445.64102564102564,7.781309298467062,4,3.7,0.68,4456.4130859375,1888.3818189125504,43.008403427644275,23.24778563656447,296.00000000000006,929.9114254625788,2568.0312670249496,110.46347842204425,WAVE2_dPRD/tirf/250319_pMW166_latb_tirf_1-6_SIR.tif
9,0,71,371.32608695652175,420.2173913043478,9.737025139337327,4,4.0,0.7272727272727273,6171.1787109375,2365.507152946405,50.26548245743669,25.132741228718345,320.0,1005.3096491487339,3805.671557991095,151.42286005962936,WAVE2_dPRD/tirf/250319_pMW166_latb_tirf_1-6_SIR.tif
13,0,118,397.74603174603175,487.3968253968254,9.978084279939939,4,4.5,0.7368421052631579,8488.244140625,3811.688177910447,63.61725123519331,28.274333882308138,360.0,1130.9733552923256,4676.555962714553,165.39933291375522,WAVE2_dPRD/tirf/250319_pMW166_latb_tirf_1-6_SIR.tif
15,0,123,401.1777777777778,501.2888888888889,12.516511976680869,4,5.7,0.7522935779816514,13061.9921875,4649.340489158631,102.07034531513239,35.814156250923645,456.0,1432.5662500369458,8412.65169834137,234.8973863686767,WAVE2_dPRD/tirf/250319_pMW166_latb_tirf_1-6_SIR.tif
18,0,141,416.4193548387097,394.06451612903226,7.663067568533894,4,3.2,0.7435897435897436,4452.65576171875,2029.0634339302778,32.169908772759484,20.106192982974676,256.0,804.247719318987,2423.592327788472,120.53959343972764,WAVE2_dPRD/tirf/250319_pMW166_latb_tirf_1-6_SIR.tif
23,0,175,434.0,453.0487804878049,9.994168726823265,4,3.7,0.6538461538461539,5406.1787109375,2667.0029450409115,43.008403427644275,23.24778563656447,296.00000000000006,929.9114254625788,2739.1757658965885,117.82523328107307,WAVE2_dPRD/tirf/250319_pMW166_latb_tirf_1-6_SIR.tif
24,0,179,438.44262295081967,442.9836065573771,10.62330630531771,4,4.5,0.6666666666666666,6838.97265625,3396.156099284738,63.61725123519331,28.274333882308138,360.0,1130.9733552923256,3442.816556965262,121.76472737769807,WAVE2_dPRD/tirf/250319_pMW166_latb_tirf_1-6_SIR.tif
30,0,198,450.921568627451,446.4313725490196,9.336124508660022,4,4.2,0.6875,5579.0107421875,3323.377038075328,55.41769440932395,26.389378290154262,336.0,1055.5751316061705,2255.633704112172,85.47506043193663,WAVE2_dPRD/tirf/250319_pMW166_latb_tirf_1-6_SIR.tif
39,0,268,501.28125,445.4375,7.791887178516818,4,3.2,0.725,3535.970703125,2387.795073890984,32.169908772759484,20.106192982974676,256.0,804.247719318987,1148.175629234016,57.1055709157003,WAVE2_dPRD/tirf/250319_pMW166_latb_tirf_1-6_SIR.tif
41,0,305,532.9069767441861,426.0232558139535,9.998216005071638,4,4.2,0.6666666666666666,6407.2333984375,3328.320167797208,55.41769440932395,26.389378290154262,336.0,1055.5751316061705,3078.913230640292,116.67244285891412,WAVE2_dPRD/tirf/250319_pMW166_latb_tirf_1-6_SIR.tif
0,0,173,534.1176470588235,512.2352941176471,8.185478863957272,0,2.9000000000000004,0.6857142857142857,2319.22412109375,750.2221258599311,26.420794216690165,18.221237390820804,232.00000000000003,728.8494956328321,1569.001995233819,86.10842181465816,WAVE2_dPRD/tirf/250319_pMW166_latb_tirf_1-7_SIR.tif
0,0,142,548.0857142857143,328.25714285714287,8.015724994282948,2,3.2,0.7560975609756098,4780.9296875,898.6385872786491,32.169908772759484,20.106192982974676,256.0,804.247719318987,3882.291100221351,193.089318475594,WAVE2_dPRD/tirf/250319_pMW166_latb_tirf_1-7_SIR.tif
0,0,76,483.73809523809524,448.35714285714283,8.57056040733548,4,4.0,0.6851851851851852,5213.0087890625,1518.13218458429,50.26548245743669,25.132741228718345,320.0,1005.3096491487339,3694.87660447821,147.01446892932626,WAVE2_dPRD/tirf/250319_pMW166_latb_tirf_1-7_SIR.tif
1,0,122,548.6285714285714,328.22857142857146,7.475317735025375,4,3.2,0.7142857142857143,4721.0166015625,832.38823367849,32.169908772759484,20.106192982974676,256.0,804.247719318987,3888.62836788401,193.40450831128422,WAVE2_dPRD/tirf/250319_pMW166_latb_tirf_1-7_SIR.tif
7,0,492,703.5135135135135,287.9189189189189,8.567594876158575,0,3.7,0.673469387755102,4095.848876953125,965.3080035947263,43.008403427644275,23.24778563656447,296.00000000000006,929.9114254625788,3130.5408733583986,134.6597444719482,WAVE2_dPRD/tirf/250319_pMW166_latb_tirf_1-8_SIR.tif
8,0,334,538.516129032258,531.258064516129,8.44532838762802,1,2.9000000000000004,0.75,2410.41650390625,706.1915656924248,26.420794216690165,18.221237390820804,232.00000000000003,728.8494956328321,1704.2249382138252,93.52959415765868,WAVE2_dPRD/tirf/250319_pMW166_latb_tirf_1-8_SIR.tif
9,0,349,561.1578947368421,145.0,7.58682082948129,1,3.2,0.7441860465116279,3040.76513671875,747.2873493354023,32.169908772759484,20.106192982974676,256.0,804.247719318987,2293.4777873833477,114.06822710422585,WAVE2_dPRD/tirf/250319_pMW166_latb_tirf_1-8_SIR.tif
6,0,323,538.0714285714286,494.14285714285717,9.662815662519806,2,3.7,0.6730769230769231,3195.135986328125,1360.4833169397434,43.008403427644275,23.24778563656447,296.00000000000006,929.9114254625788,1834.6526693883816,78.91730842970317,WAVE2_dPRD/tirf/250319_pMW166_latb_tirf_1-8_SIR.tif
7,0,254,315.93548387096774,962.8387096774194,8.489434843336022,0,2.9000000000000004,0.696969696969697,1917.772216796875,781.2356420652941,26.420794216690165,18.221237390820804,232.00000000000003,728.8494956328321,1136.536574731581,62.374280645952545,WAVE2_dPRD/tirf/250319_pMW166_latb_tirf_1-9_SIR.tif
14,0,342,361.47222222222223,650.0277777777778,7.8177746737242995,0,3.2,0.825,2567.568115234375,1609.6847894752027,32.169908772759484,20.106192982974676,256.0,804.247719318987,957.8833257591723,47.64120818746141,WAVE2_dPRD/tirf/250319_pMW166_latb_tirf_1-9_SIR.tif
83,0,1282,721.8529411764706,457.5882352941176,7.708166897807235,0,3.2,0.6511627906976745,3153.062255859375,1330.1969743771292,32.169908772759484,20.106192982974676,256.0,804.247719318987,1822.8652814822458,90.66188129328081,WAVE2_dPRD/tirf/250319_pMW166_latb_tirf_1-9_SIR.tif
1,0,137,289.45454545454544,738.060606060606,8.678124087413163,1,3.2,0.6666666666666666,2465.3017578125,1318.666588483155,32.169908772759484,20.106192982974676,256.0,804.247719318987,1146.635169329345,57.02895472555552,WAVE2_dPRD/tirf/250319_pMW166_latb_tirf_1-9_SIR.tif
9,0,229,346.01408450704224,591.6338028169014,11.0275019947116,1,5.0,0.7078651685393258,5337.94384765625,2438.750615022629,78.53981633974483,31.41592653589793,400.0,1256.6370614359173,2899.193232633621,92.2841867904424,WAVE2_dPRD/tirf/250319_pMW166_latb_tirf_1-9_SIR.tif
14,0,320,381.4175824175824,570.1208791208791,12.893396305831104,1,5.1000000000000005,0.7647058823529411,6626.5244140625,2560.680182900727,81.71282491987054,32.04424506661589,408.00000000000006,1281.7698026646358,4065.844231161773,126.88219749628685,WAVE2_dPRD/tirf/250319_pMW166_latb_tirf_1-9_SIR.tif
19,0,360,393.17021276595744,627.0851063829788,9.672190587743996,1,4.300000000000001,0.7142857142857143,3837.898681640625,1967.5716580040007,58.08804816487529,27.017696820872224,344.00000000000006,1080.7078728348888,1870.3270236366243,69.22599790933045,WAVE2_dPRD/tirf/250319_pMW166_latb_tirf_1-9_SIR.tif
22,0,388,403.38461538461536,625.2307692307693,9.306153539512117,1,3.2,0.6521739130434783,2478.529296875,1267.288883473575,32.169908772759484,20.106192982974676,256.0,804.247719318987,1211.240413401425,60.24215595797112,WAVE2_dPRD/tirf/250319_pMW166_latb_tirf_1-9_SIR.tif
78,0,1042,644.1935483870968,464.2903225806452,13.512187218496189,1,5.9,0.7264957264957265,7298.81005859375,2812.707186576128,109.3588402714607,37.07079331235956,472.00000000000006,1482.8317324943825,4486.102872017622,121.01448259328014,WAVE2_dPRD/tirf/250319_pMW166_latb_tirf_1-9_SIR.tif
88,0,1158,699.6388888888889,482.9166666666667,7.719707309735241,1,3.2,0.6590909090909091,2996.376953125,1266.80600625664,32.169908772759484,20.106192982974676,256.0,804.247719318987,1729.57094686836,86.02180175694667,WAVE2_dPRD/tirf/250319_pMW166_latb_tirf_1-9_SIR.tif
22,0,444,430.6595744680851,435.8936170212766,9.627574544362757,2,4.0,0.6551724137931034,3068.397705078125,1421.3949946640432,50.26548245743669,25.132741228718345,320.0,1005.3096491487339,1647.0027104140818,65.53215566203764,WAVE2_dPRD/tirf/250319_pMW166_latb_tirf_1-9_SIR.tif
35,0,598,482.2,667.0857142857143,8.877222494258756,2,3.7,0.6666666666666666,2971.74267578125,1510.923365656659,43.008403427644275,23.24778563656447,296.00000000000006,929.9114254625788,1460.819310124591,62.83692274876246,WAVE2_dPRD/tirf/250319_pMW166_latb_tirf_1-9_SIR.tif
42,0,658,499.2903225806452,498.35483870967744,7.248757576732073,2,3.0,0.7647058823529411,2744.16162109375,1269.72109017998,28.274333882308138,18.84955592153876,240.0,753.9822368615504,1474.44053091377,78.22149959665501,WAVE2_dPRD/tirf/250319_pMW166_latb_tirf_1-9_SIR.tif
67,0,955,624.695652173913,613.4492753623189,11.148078126126247,2,5.0,0.6666666666666666,5272.41845703125,2606.2700057369475,78.53981633974483,31.41592653589793,400.0,1256.6370614359173,2666.1484512943025,84.86614100805792,WAVE2_dPRD/tirf/250319_pMW166_latb_tirf_1-9_SIR.tif
89,0,1123,714.1724137931035,466.13793103448273,9.964874725486434,2,4.5,0.7162162162162162,4945.0712890625,2411.3701387932524,63.61725123519331,28.274333882308138,360.0,1130.9733552923256,2533.7011502692476,89.61134719621597,WAVE2_dPRD/tirf/250319_pMW166_latb_tirf_1-9_SIR.tif
5,0,176,345.8,591.709090909091,10.837983334048376,3,3.7,0.7241379310344828,3082.744873046875,1460.5731011040511,43.008403427644275,23.24778563656447,296.00000000000006,929.9114254625788,1622.1717719428239,69.77747460779436,WAVE2_dPRD/tirf/250319_pMW166_latb_tirf_1-9_SIR.tif
6,0,219,360.3225806451613,485.2903225806452,8.200724355104285,3,3.2,0.7,2303.83349609375,1355.716283582747,32.169908772759484,20.106192982974676,256.0,804.247719318987,948.1172125110029,47.15548156301097,WAVE2_dPRD/tirf/250319_pMW166_latb_tirf_1-9_SIR.tif
21,0,460,462.4222222222222,623.2888888888889,8.46941980782869,3,4.0,0.7090909090909091,3027.61083984375,2001.8471622046081,50.26548245743669,25.132741228718345,320.0,1005.3096491487339,1025.7636776391419,40.813839935097725,WAVE2_dPRD/tirf/250319_pMW166_latb_tirf_1-9_SIR.tif
43,0,649,529.8064516129032,393.83870967741933,9.219024724146374,3,2.9000000000000004,0.75,1782.300048828125,734.548710187708,26.420794216690165,18.221237390820804,232.00000000000003,728.8494956328321,1047.751338640417,57.50165678474921,WAVE2_dPRD/tirf/250319_pMW166_latb_tirf_1-9_SIR.tif
47,0,715,560.6041666666666,639.2083333333334,15.181684015975959,3,5.7,0.6694915254237288,6749.81201171875,2998.7127503152938,102.07034531513239,35.814156250923645,456.0,1432.5662500369458,3751.0992614034562,104.73789289135398,WAVE2_dPRD/tirf/250319_pMW166_latb_tirf_1-9_SIR.tif
80,0,1012,680.2586206896551,547.1034482758621,12.026932506655468,3,4.300000000000001,0.6527777777777778,4135.4482421875,1859.1945764788798,58.08804816487529,27.017696820872224,344.00000000000006,1080.7078728348888,2276.2536657086202,84.25047037873804,WAVE2_dPRD/tirf/250319_pMW166_latb_tirf_1-9_SIR.tif
85,0,1074,722.027027027027,458.18918918918916,8.085302064261468,3,3.2,0.7209302325581395,2873.39208984375,1248.254992080033,32.169908772759484,20.106192982974676,256.0,804.247719318987,1625.137097763717,80.8276882222226,WAVE2_dPRD/tirf/250319_pMW166_latb_tirf_1-9_SIR.tif
10,0,196,357.46875,478.09375,7.608545040215226,4,3.2,0.7692307692307693,3435.86279296875,1213.2260227993131,32.169908772759484,20.106192982974676,256.0,804.247719318987,2222.636770169437,110.54488395945964,WAVE2_dPRD/tirf/250319_pMW166_latb_tirf_1-9_SIR.tif
17,0,285,388.75757575757575,492.030303030303,8.607179869957466,4,3.2,0.6666666666666666,2445.12158203125,1336.0241967862846,32.169908772759484,20.106192982974676,256.0,804.247719318987,1109.0973852449654,55.16197851001012,WAVE2_dPRD/tirf/250319_pMW166_latb_tirf_1-9_SIR.tif
32,0,490,468.39130434782606,636.0289855072464,11.220028993422053,4,5.1000000000000005,0.6808510638297872,6128.45654296875,2664.8207090827823,81.71282491987054,32.04424506661589,408.00000000000006,1281.7698026646358,3463.6358338859677,108.08916941826874,WAVE2_dPRD/tirf/250319_pMW166_latb_tirf_1-9_SIR.tif
2,0,97,366.10869565217394,469.6521739130435,9.731311764049165,1,3.7,0.6545454545454545,3443.244873046875,1429.3939124800265,43.008403427644275,23.24778563656447,296.00000000000006,929.9114254625788,2013.8509605668485,86.62549595258798,WAVE2_dPRD/tirf/250319_pMW166_latb_tirf_1-10_SIR.tif
3,0,101,366.3,684.5,9.449627595105117,1,3.2,0.6739130434782609,3742.38623046875,1413.5351266948287,32.169908772759484,20.106192982974676,256.0,804.247719318987,2328.8511037739213,115.82755152832378,WAVE2_dPRD/tirf/250319_pMW166_latb_tirf_1-10_SIR.tif
20,0,261,437.1232876712329,648.1095890410959,11.22928228626424,1,4.5,0.7530864197530864,6227.77783203125,2920.1616344685854,63.61725123519331,28.274333882308138,360.0,1130.9733552923256,3307.6161975626646,116.98299282064825,WAVE2_dPRD/tirf/250319_pMW166_latb_tirf_1-10_SIR.tif
0,0,48,333.0217391304348,664.195652173913,9.098911229967188,2,4.2,0.7457627118644068,4995.90625,1991.9975777721402,55.41769440932395,26.389378290154262,336.0,1055.5751316061705,3003.90867222786,113.8302175670657,WAVE2_dPRD/tirf/250319_pMW166_latb_tirf_1-10_SIR.tif
0,0,30,304.56666666666666,644.15,10.714824398942202,3,4.2,0.6956521739130435,4452.3134765625,1445.4273925597965,55.41769440932395,26.389378290154262,336.0,1055.5751316061705,3006.8860840027037,113.94304371030056,WAVE2_dPRD/tirf/250319_pMW166_latb_tirf_1-10_SIR.tif
11,0,94,363.6511627906977,683.5813953488372,9.228589326800089,3,3.7,0.6923076923076923,3934.110595703125,1591.5647833496334,43.008403427644275,23.24778563656447,296.00000000000006,929.9114254625788,2342.545812353492,100.76425552845345,WAVE2_dPRD/tirf/250319_pMW166_latb_tirf_1-10_SIR.tif
28,0,217,426.23943661971833,619.0985915492957,11.226186664558028,3,4.5,0.75,6076.3525390625,2869.6720661837608,63.61725123519331,28.274333882308138,360.0,1130.9733552923256,3206.6804728787392,113.41312181664618,WAVE2_dPRD/tirf/250319_pMW166_latb_tirf_1-10_SIR.tif
34,0,270,455.02272727272725,628.5909090909091,9.406800578425665,3,3.7,0.7115384615384616,5587.6123046875,1777.8063094982874,43.008403427644275,23.24778563656447,296.00000000000006,929.9114254625788,3809.805995189213,163.87823144743265,WAVE2_dPRD/tirf/250319_pMW166_latb_tirf_1-10_SIR.tif
0,0,20,304.5192307692308,647.0769230769231,9.810625225266815,4,3.7,0.7636363636363637,4421.6826171875,1297.290569510311,43.008403427644275,23.24778563656447,296.00000000000006,929.9114254625788,3124.392047677189,134.39525366076577,WAVE2_dPRD/tirf/250319_pMW166_latb_tirf_1-10_SIR.tif
19,0,189,400.13953488372096,649.1627906976744,9.83298183174685,4,4.2,0.6666666666666666,4407.7763671875,2638.727059016386,55.41769440932395,26.389378290154262,336.0,1055.5751316061705,1769.0493081711138,67.03641475445963,WAVE2_dPRD/tirf/250319_pMW166_latb_tirf_1-10_SIR.tif
23,0,489,568.4642857142857,503.0357142857143,9.676726902492142,0,4.0,0.75,4545.53125,1622.7405998650938,50.26548245743669,25.132741228718345,320.0,1005.3096491487339,2922.790650134906,116.29414489793619,WAVE2_dPRD/tirf/250319_pMW166_latb_tirf_1-11_SIR.tif
2,0,132,465.7037037037037,465.537037037037,9.727259852130722,2,4.5,0.7323943661971831,4584.2568359375,1916.348094944715,63.61725123519331,28.274333882308138,360.0,1130.9733552923256,2667.908740992785,94.35796974379485,WAVE2_dPRD/tirf/250319_pMW166_latb_tirf_1-11_SIR.tif
22,0,351,544.1363636363636,494.3863636363636,9.79663035151292,2,3.7,0.6792452830188679,3303.64892578125,1562.2072745550424,43.008403427644275,23.24778563656447,296.00000000000006,929.9114254625788,1741.4416512262076,74.90785051317927,WAVE2_dPRD/tirf/250319_pMW166_latb_tirf_1-11_SIR.tif
28,0,628,975.8108108108108,635.3783783783783,7.790046158184166,2,3.2,0.7209302325581395,4329.5185546875,799.834545148816,32.169908772759484,20.106192982974676,256.0,804.247719318987,3529.684009538684,175.55208052203196,WAVE2_dPRD/tirf/250319_pMW166_latb_tirf_1-11_SIR.tif
33,0,409,562.2258064516129,529.0967741935484,7.827709140797085,3,3.2,0.7435897435897436,2949.120849609375,1347.1975318346917,32.169908772759484,20.106192982974676,256.0,804.247719318987,1601.9233177746833,79.6731295243781,WAVE2_dPRD/tirf/250319_pMW166_latb_tirf_1-11_SIR.tif
34,0,418,568.2777777777778,478.1388888888889,9.234183426456788,3,3.7,0.6530612244897959,2962.69775390625,1497.9676704425365,43.008403427644275,23.24778563656447,296.00000000000006,929.9114254625788,1464.7300834637135,63.00514407531201,WAVE2_dPRD/tirf/250319_pMW166_latb_tirf_1-11_SIR.tif
0,0,78,408.925,458.5,8.668857142381999,4,3.7,0.6666666666666666,3974.26123046875,964.0043940026778,43.008403427644275,23.24778563656447,296.00000000000006,929.9114254625788,3010.256836466072,129.48574472966123,WAVE2_dPRD/tirf/250319_pMW166_latb_tirf_1-11_SIR.tif
28,0,545,882.1458333333334,32.020833333333336,9.436926829600967,4,4.300000000000001,0.6515151515151515,4444.5146484375,1303.8194943005592,58.08804816487529,27.017696820872224,344.00000000000006,1080.7078728348888,3140.695154136941,116.24585081992005,WAVE2_dPRD/tirf/250319_pMW166_latb_tirf_1-11_SIR.tif
30,0,562,975.65,635.0,7.837349548907514,4,4.0,0.7115384615384616,4685.3447265625,1005.8894502482565,50.26548245743669,25.132741228718345,320.0,1005.3096491487339,3679.4552763142437,146.40087377774188,WAVE2_dPRD/tirf/250319_pMW166_latb_tirf_1-11_SIR.tif
