,1_5,1_23,1_26,1_34,1_80,1_81,1_94,1_127,2_33,2_48,2_51,2_61,2_78,2_87,2_98,2_107,2_109,3_20,3_35,3_42,3_48,3_68,3_75,3_79,3_81,3_87,3_115,3_116,4_14,4_31,4_87,4_91,4_116,4_176,4_187,4_222,4_226,5_10,5_18,5_25,5_26,5_59,5_60,5_67,5_115,5_125,6_2,6_7,6_10,6_17,6_19,6_27,7_0,7_9,7_17,7_20,7_33,7_37,7_40,7_56,7_57,7_58,7_66,7_101,8_1,8_6,8_14,8_17,8_36,8_41,8_72,9_3,9_6,9_22,9_30,9_91,9_95,9_98,10_1,10_2,10_15,10_31,10_42,10_71,10_108,12_3,12_4,12_9,12_21,12_23,12_24,12_28,12_35,12_36,12_42,12_48,12_50,12_53,12_55,12_66,12_67,12_68,12_90,13_19,13_31,13_35,13_55,13_57,13_65,13_91,13_107,13_114,13_127,13_129,13_130,13_136,13_140,13_150,13_162,13_179,13_182,13_209,14_4,14_26,14_31,14_38,14_40,14_42,14_45,14_47,14_51,14_65
0,0.6327426006717424,0.6177018641702432,0.5893966675570012,0.5305376355476918,0.6493854380572448,0.7063094317759971,0.9015402930876932,1.062505832051232,0.9753878872830972,1.503142144638404,1.9920861276527295,0.79691729935228,0.7674905671635149,1.0045288193439277,1.684099304914301,1.189575266481752,1.57696032164352,0.737741508425095,0.9967721199984192,1.935609644333864,0.6973348156166882,0.4957969828410118,0.5884522136509349,0.5032184496905495,1.261436832648685,0.3839705648507399,0.4896296985375293,0.6045764500301813,1.2733022636484688,0.8529286235183811,0.4474296987189812,0.3691155640437852,0.5381426244398999,1.0850581336269491,0.3306700389005598,1.517971621774204,0.7221247853847542,0.9599823167216684,0.5933621283661933,1.259808869891503,1.2969585494235285,0.91503368266478,0.6954181352130727,0.591174644139225,0.6948385047124854,0.6822848701781772,0.7577027765376143,1.297229976882334,1.469120584859948,0.6477387932566185,0.7453281306335617,0.5852092910855607,0.8998071072189315,1.1702952695955182,1.1465189248144665,0.738196537995557,0.8346747580842334,0.5807429464908282,0.6591374049537108,0.8123726586621229,0.5514915026514015,0.507351981320259,0.5162828345942339,0.8187596675602683,1.1031862951101328,0.9975020501199914,0.8019477297817336,1.2624288551430634,0.8436939382642222,0.9184364086152158,1.0147706011015365,1.6934790179651549,1.0599211494429577,1.4207096429751784,1.2789684407302966,1.0428441693854895,1.1109669351992133,0.7606683180959191,0.853803590068173,0.9948195624951138,0.7548913520311173,1.6103312158523515,0.7603182252699938,0.6376512087794622,1.5673205095018012,1.0071292381498855,1.3572750911506175,0.720675840508293,0.8875838649768661,0.6611585611102285,0.6511945189550602,0.4696467610445158,0.8284846444525983,0.7123973010622544,0.8282585377668593,0.4452203086942597,0.4664624998996585,0.4012668182880948,0.4740533905010838,0.6616909051626707,0.6804475354012329,0.7118399487658184,0.6179338223691189,0.9838947454971412,0.9228872752748164,1.2673337317152438,0.58373735996349,0.8970635483634952,1.011455798100663,1.4030532561994402,0.5868557786827693,0.7460325561453957,0.916471732284167,1.3080549903221006,1.0516632414302365,0.5510036455298335,1.7090232305040065,0.9349252364967956,1.0140692841380807,0.5087139782374746,0.998673780957962,0.7648071737223432,1.0362809340317438,1.0583400026677336,0.90139413965211,0.7301824144291863,0.7260670396032072,0.8552885822081809,1.0058399408928909,0.7557556327565599,0.979286264875348,0.7984270546598505
1,0.958797083137379,0.740585174587526,0.6314745661702055,0.63538463363889,0.7566888447162717,0.6621972346993044,0.9038115184952774,0.6968761796936792,1.057499475423666,1.511585584787987,0.7795718556852771,1.1672541222434492,0.9217646931907392,0.8014235090572948,0.6633962193745394,1.3042473418383371,0.5936148315808365,0.6610747393680166,0.6805141284240243,1.1747959996243875,0.6241701620003387,0.6636262113700486,0.8094497108560047,0.3941861830464493,1.0786621522366135,0.5919061119451341,0.5503649150448972,0.5252678978845081,1.5896197225271984,1.0365823839592805,0.5381952713709318,0.3532381014264266,0.5121237792305356,1.9915112765116467,0.744573450930666,1.3611958468676726,0.7219306383357268,0.7069609541297663,0.8628442992246169,1.385616478790919,1.505866108226976,0.9470928480876002,0.5686824760966274,0.6055969646625656,0.571186802648174,0.5500095435830117,1.17818506184545,1.030641409262434,0.6844032796536424,0.4610918006711054,0.7678469370994819,0.4479620177025018,0.8032928975895104,0.9712796048417074,1.1498013554568824,0.8416027909871959,0.8483774806950517,0.5969372523198606,0.6685792173925263,0.8667863191119463,0.6433257582805073,0.5789676183772864,0.8198592596284923,0.6622546914401551,1.0736739794501526,0.9396615088863342,0.8820265668686562,1.3616602429807794,1.0421544966845238,1.367025187636776,1.246195257515956,1.0199889629821666,0.915758163363456,0.9248412684580204,1.3826819263881192,0.8701693605672769,0.9753153216323288,0.6649394731431783,0.9759518140834968,1.0831801852058462,0.8491046618236581,1.368730561612984,0.712961683426024,0.7561169683707978,0.970266099677374,1.1862129627268008,1.3202889458371398,0.6320457571615024,0.908092963720909,0.6159446739128692,0.4983126399052164,0.578355301641865,0.6216482355484668,0.5822389639256006,0.573786594761171,0.4578735153375328,0.7470650135796344,0.5283836304743058,0.6828804546852798,0.4542886168311619,0.7145752275703398,0.811103664068248,0.9167552509072248,1.0346723938757911,0.792468727123724,1.1390848523791808,0.5471843342323917,0.855450693415072,0.9947825398239724,1.273090325993215,0.6009955056384637,0.9017677002381964,0.7912009909177702,0.8535986822200559,0.8099154895660091,0.781044038200877,1.4463751757954662,0.8340263970052306,1.1472334110663558,0.458233089016953,0.8584550164861046,1.1434783667422586,0.8807636609594205,0.8828910191074585,0.6409119679176544,0.8321073169202803,1.092148001481921,0.9633603479272204,0.9222232343474828,0.9626598120248692,1.1353212824910937,0.9204923237466182
2,0.7783512407011814,1.2430206495935066,0.8031800563023556,0.781303878289536,0.5768512733963397,0.7348564196203708,0.8276978018478724,0.5530588988040026,1.9536783616883744,1.3960798107053782,0.9745179561259484,2.0830620665398745,0.8459958275715987,0.8711920927514916,0.7367542800968648,1.5770086455830064,0.9262710534302449,0.5971224177159914,0.8863641213500729,1.5322862258809895,0.892782053383376,0.7835811070017725,0.7527357315686489,0.7871894951445074,1.211774754756331,0.862682809066337,0.6524200340311684,0.5749978307084905,2.5006208794725726,0.9560598019286424,0.4262176715032991,0.5248120637910104,0.6539094214529305,1.755370783478672,0.4615910204624258,1.0938715745545522,0.7283249101113572,0.7104634955324196,1.2156183565000307,1.2921412289720515,1.1068198379794698,1.1179679280582655,0.5276430729677382,1.0322842143188018,0.7058512792861558,0.7974619368933815,0.8270313691760925,1.3273173504765166,1.4258032800096707,0.5335087174209758,1.2924054805246772,0.6963215226690117,0.6324609075192458,1.5636143204827782,1.6894560037499025,1.569320229213688,1.1291486132799613,0.72952980829892,0.7093688747952264,0.6609123738651902,0.5427848570287216,0.517273557795557,0.7024400611638849,0.6902575714052369,1.9706688018879848,0.9085417519733722,0.8218972328057957,0.911468217386508,0.8830491585037793,0.9443228848731114,0.9147846862733944,2.0230670221167317,1.6856595255334554,0.81752937884723,1.2532295226523735,1.0398572684667458,1.0048701843952574,0.968065151678722,0.8556224081309778,1.0747596596893887,0.7335044379798236,1.6033336143349914,0.7058463060118689,0.9014704908259918,1.3014276251610806,1.192926050761214,1.3642973573422483,0.7841510960717964,0.8256935257564166,0.6032159106401105,0.5162916134212289,0.8355031649432403,0.5759642385029126,0.9284393860826148,0.5608563442451456,0.6745471919912903,0.4636213871521918,0.563398471540434,0.7145193706689726,0.46544405853406,0.7134672124710693,1.0836470499170687,1.006677064621013,1.085407941942789,0.8367580191588029,1.0111362804984918,0.9077902177817454,0.7653862089375555,0.8187377342124931,0.9986259568149212,1.1088777595616144,0.7772986641855107,1.0880466237372708,0.8096818131070671,1.006310891856887,1.1223473826156607,1.7478477501375198,0.7660966823451684,1.067267853770078,0.5857489403507901,0.8403692966346726,0.8399633876506607,1.1640376664830678,0.8657303674933506,0.8151142329073487,1.075076690741267,1.003265377039531,0.9361898551829706,0.6868658417035778,0.7872201114815677,1.1665551839464885,0.7488609146497704
3,0.7752981144013279,0.8950815845000143,0.984657794108318,1.1528180381322353,0.9254533030077412,1.135050764488378,0.6408851162582637,0.6696219035202086,0.8984116550756243,0.8186040159039139,1.209526827722386,0.920775191907776,1.0641138677633275,1.198702361928945,1.179723906288055,0.8629971240361085,1.038902766430612,1.5568889024586912,0.8045835359433785,1.367872785306394,0.8493263367461896,0.8624711736570441,0.9064825958011103,0.6831617610725875,1.1256182366346117,0.755896591516789,0.5412119414993437,0.7390998564085436,1.4300589525691545,1.015673076789708,0.5622323598396174,0.4024188546619805,0.6239897246583268,1.9845656296568437,0.4619777983752673,0.9216279447408148,0.5872552596376018,0.6707091284553639,1.581331280727183,1.802381231997364,1.072056442789252,0.8434131179624593,0.7828745227167343,0.8629845394971423,0.5753353560742699,0.7860373027629142,1.1027148487349134,1.0775801760050017,1.432707326629228,0.4304476850392184,1.4063006252426664,0.7737038254838476,1.4068681215456762,1.4475702312825809,1.135840118334327,0.9983242930179752,0.9365235995747492,0.7769389087690449,0.7705505761843789,1.5368104445352735,0.5813872146262979,0.6954905221658984,0.7476713221496871,0.4391290698487824,1.0576291031592786,1.331079114450863,0.9338699743615452,1.2277497143965983,1.0641456394712616,1.1220258036198318,1.272036382591064,1.1337008118642304,1.0594911761834784,1.4487184211496045,2.144069003078442,1.687588722922854,1.5018607419604266,0.8076038788195276,1.0361624359236088,1.341143549508392,0.8223815691717877,0.695162179127385,0.7429564913761121,0.9177377695782174,1.2291314226408103,0.919244463104362,1.2208296655846231,0.876774215555109,0.7577678252333419,0.5961911198653488,0.9247820674998548,1.1649706269123912,0.7475210367889187,0.6496124513334374,0.7044466383453998,0.946647779723504,0.7533387518034604,0.8397415219404585,0.4795639838867505,0.6916788649316921,1.0108106962182088,0.8728606963118446,1.0362472413216162,0.9358300383593982,1.3872187412830017,1.4479125569567468,0.8536029035325093,1.0085682188249898,0.8935600418564534,1.4276566817244858,1.029597453454166,0.900035995972096,0.782924285145181,0.8227674369241267,0.7139753410319216,0.7549161603204395,1.4188531591745384,0.8016526821714491,0.8169407500396875,0.6861277569846387,1.0176490775150897,1.2626309303758472,0.9904255834220974,1.1574114412226824,0.9120995934020408,0.8813542315001289,1.0362341921419669,0.9583620348521932,0.8445741871461676,0.9425788429720692,0.6767451797946314,0.9362759349808378
4,0.8609442297956643,1.0552939750518504,0.7696301767575197,0.9344660171546764,0.8202753304497796,1.769089813436966,0.9179246202623108,0.725873163676391,1.231956845148103,1.2536457382453277,0.6709251263125263,1.039099043208061,1.129833894319917,1.6798380814254934,0.895249497589029,1.2460468130208444,0.7621837900212571,0.8929711988571631,1.3085305105853051,1.8475332021752608,0.9489608902507862,0.7486012644165707,1.0115571109440895,0.9293312994927762,1.662710488314296,0.8258945493297497,0.7216279822802245,0.5914802681987974,1.6463339494762783,1.2265811772190949,0.7736524177817403,0.400124564731195,0.681576686299741,1.5704450552354778,0.6608773185648444,1.4976122254059216,0.7556387208769426,1.1793585950724876,0.8863766781068506,1.0195202327097383,1.35012939413857,0.7923217994725464,1.1555562443337233,0.8696338124893808,0.7166344390294236,0.7186709777426351,1.107161751374435,1.3602474932419988,1.8358312379971888,0.6943775639641023,1.4362475871123803,1.1031142340621485,0.953545716175923,1.2113033554581945,1.2416637994084987,0.8073883857693078,1.0284202880052606,0.8745124038298464,0.7442731908859977,1.0827410761143184,0.4083839049719824,0.6460900492609631,0.7360776307171871,0.6403908102611046,1.1222711638800404,1.3532977469511718,1.127332377877161,0.976081459232378,1.4586994184341109,1.6149663471544624,1.2867655647704708,1.1937394831327932,1.133899522730184,1.2476462098824823,1.0927633612960406,0.8214989118848164,0.8877424481453758,1.1881991765345064,0.9048740098001676,1.1491939326820568,0.9183106994740684,1.0493139286207045,1.4273579912349417,1.1082437383852597,1.4888920338309437,0.9639368069385996,1.1877631127581922,0.6643262612080689,1.2521127240742131,0.8667312968128065,0.7070792171048355,0.9062645312787588,0.8181296751825394,0.7665355089637029,0.7580581850823231,0.7051265639879827,0.8794084268720145,0.776263455372784,0.6305673558438258,0.7871060453925867,0.8247224783097382,1.0807883863208596,0.7891032668274501,0.9809154100698428,1.2750023419441845,1.4089282288420957,1.0055157932965573,1.048002595979015,1.1182789108349551,1.084243518551866,1.248527515720325,0.939242878938912,1.06249829949298,0.8805275766068241,0.8941387537266461,0.9249636799305674,2.0311888717937023,0.702743850351255,0.7937363514234386,0.7407036294811845,1.0108597218438704,0.8599905580718722,0.8650088125844807,0.9625696814911224,0.9686801028800074,0.9710994515376268,1.1873748778134845,0.8984014551679863,0.8807221394568635,0.8727480891209006,1.1270224261712678,0.8412969980620976
5,0.8152156016555774,1.0221496103558547,0.9128111633125308,0.79903470840349,1.0458914078172736,0.7679977027705717,0.9356066989921452,0.8821197566386787,0.7536103582914053,1.0813403646118631,0.8804485352313796,0.9737158847125736,1.3529822563038598,0.803925160042861,0.9551475518537104,1.0791110564779969,1.0363651790941335,0.8881562626336874,0.783074568636204,0.961550693828359,0.835140859098536,0.7047870645257669,0.9981170917563018,0.7388579669327915,1.119130807700433,0.6991393054630786,0.7778391666769553,0.8589309731441712,1.8599481975123184,0.9193043815662192,0.6359554644312372,0.6261604410233218,0.7430788294515419,1.472578962947351,0.5564968586522799,1.10088550160601,0.6188479965156795,0.715619839034123,1.1431628955108522,1.3107525539595974,0.956661884506671,1.1948543353398895,1.1141467483998382,1.0313939124076967,0.641982360022173,0.8681589555309637,1.034161364833651,1.3112054547793648,1.2916695703076002,0.5940114858895068,1.0974047739659054,0.8751825752917497,0.8689208914839077,0.9967178004597804,0.9355969430394032,0.795718983831601,0.7191921608137385,0.834555543708024,0.8905005198466611,0.944957372871201,0.7699361337877958,0.8886575766956953,0.5577592147503235,0.5205915813424347,1.2720241901845135,1.9153451187219104,1.013106588265314,1.0510974258470585,0.8974485313992252,1.123658049439858,1.209625250178288,1.258263242912048,1.1968935818101345,1.6225500309469776,0.929328608400136,1.1696492467810269,1.217427331645112,1.3683276392993544,1.1192900397428025,1.3459439172897412,0.9718080597254972,1.5450200729927008,0.6874985000668542,0.9343770476379756,2.1802318967174337,1.1469664838224318,1.5185240354946483,0.7160491861828637,0.851174265094143,0.9698661821715374,0.9222033242502324,0.7801714836312269,1.17643792400657,1.132426316056956,1.2173431130667611,0.9495078735410172,0.6268958037661228,0.9384665343962488,0.7008461630498599,0.7087756725800669,0.9209996212724152,0.8222293168439389,0.8368151555563925,0.8124326447439537,1.1195119121488044,1.715416665094464,0.8353456375193109,1.1963525835866262,1.1633694019123446,1.0841429975910406,0.9772892706361916,0.9543060170501988,1.3442570666649825,0.9569395343481144,0.9742179175384006,0.7944286350806028,1.7910283633477582,0.7049076041843593,1.0728659467504087,0.7960585249328158,0.9600158511875416,0.8860159640421575,0.7721752736269124,0.9377368662925216,0.8717057090346859,0.9543761961556596,0.94835275173105,1.0942168880418826,0.940204305970272,0.7814905443290283,1.0342999120209817,0.5972188463457382
6,0.766782129844016,0.9011575427432884,0.8528778569878291,0.8147812151859616,0.8017858835900397,0.8507934497043684,1.2473244994895771,0.7462100975375929,0.7480528303019583,1.242343914152468,0.8744809067949997,0.9103960041763844,0.8548154994578775,1.0694536184099783,1.0234654093327953,1.0830478195955917,0.982186430869026,0.7722764829047505,0.8727259350317514,1.4578576294406993,0.9775881862598228,0.8824360221520454,0.720082935140153,0.5997250685034586,1.1111557453409315,0.6606159850277827,0.7895441375631476,0.7141811702567693,1.9427884499099983,0.9561940584006416,0.7995072300348912,0.6437198708699869,0.7711475204795719,1.6803421355656958,0.5817760937466047,1.5058801717490509,0.9104694305533152,0.890715075572058,1.1374454908512512,1.0954351534129327,1.5933767715533094,1.0963843384473584,0.983008224383894,1.1332922750022825,0.7701026407004232,0.7136098690626076,0.9900797843481044,1.3789728478215113,1.4449494180616032,1.0745288645920112,1.4646822692898966,0.9339424634254416,1.7354188535157486,1.0825659555041884,1.2613949848790988,0.8020020634799915,0.9299225801767772,1.056844937773293,0.8948277993145684,1.2968031791526555,0.6326326878613215,0.5918634301420671,1.095903816712006,0.498557794009681,1.6621994843591177,0.8454922886905437,0.8257973068745569,0.8603177171470936,1.0932606344696534,1.1789141017353892,0.964619455216163,1.2259439459048076,0.977262684241502,0.7297001669885161,1.3666476540975443,1.4461320235548245,0.7164735545328851,0.8178890209425365,0.9294357658684936,1.318860652494591,0.9172851054622616,2.240309486925532,0.9120084012607376,0.5866759988822234,0.7321690660696096,0.8257471460848672,1.1576644631879984,0.8871711827066112,1.1866219918305043,0.8750570571944264,0.7113708654505799,0.5850779559429432,0.9444078502143018,0.8853910037263147,1.0147348345521907,0.6645929859160811,0.7806686207511921,0.6601153793740442,0.801307591298379,0.9493074204864204,0.6094504527346221,1.0019968194373037,1.0378334571486458,0.8669984262685551,0.9609091373932608,1.1668879098051697,0.947849386227882,0.7531393907637118,0.904777216510468,0.9247816793599136,1.1418681817681104,0.9595710401772228,0.9667460753443804,0.9143273898608968,0.8446721188700158,1.061710147069692,1.4887478315181288,0.7075970764359435,0.9585467415900588,0.6452286197147997,0.8963435637631076,1.4769975064677514,0.8998171145926892,1.2263058433508611,1.2094398580957946,1.3276330379452348,1.1700597102175456,1.249277081180879,1.190578966349488,0.8520589370349377,1.1347384995953371,0.6044364312198796
7,0.8066278118874854,0.9798878693782777,0.8356636531509033,0.923585687529774,0.8977598595681872,0.8394419984320342,0.7710726780973177,0.9720458637984772,0.9579621256211668,0.951542346733916,0.8966649693044438,1.2718148039616222,1.0112474124358717,1.0660088638312095,0.8482347420432275,1.199074094662925,0.7724793085702815,0.9574639960490944,0.9728658736618248,1.915255695082692,0.7851629381850941,0.8335593836435055,1.055088291163066,0.6475240161140379,1.2407176755759508,0.9678308386790212,1.0208936475912298,0.6046063036538601,1.8114302803647977,1.281804711981017,0.8883741654578873,1.330722714119869,0.6268886429936625,1.049600967912636,0.710588463419646,0.8979518740261508,0.6303049909821017,1.0152840172697457,1.301704360216858,1.056128248645629,1.2505377825345187,0.912909532816096,1.265026621747572,0.8979013673230728,0.9364790850186294,0.8596567966958935,0.9729582340009356,1.5135176735812792,1.1098323342231566,0.8516094042357024,1.1868279183071733,1.2010514662492011,1.1925205772690273,0.9657683064283252,1.0903691425808903,0.8718297172619142,1.0094607121435193,0.7027131243161121,1.0139488980705884,1.450037093387318,0.5296271924344526,0.8485208233680825,1.195472437343526,0.5963394703138624,1.2979204854901345,1.1498758747001006,0.8411960014739107,1.3023358274334165,1.2318340559303906,1.4967785363977306,1.29677580698247,1.1958165380605954,1.4358652580462554,1.2462564657264494,1.000085963099975,1.1043262396299678,1.2272909960201794,1.2821132437442933,0.9982753663687816,1.066609590568175,1.089655630903237,1.570659623144636,0.6489169237167712,0.648915509384726,0.7219818354089905,1.1631994204783054,1.6173172280448913,0.6957625335821025,0.843336287817291,0.5738385395285565,0.7553173119118242,1.1945150356640657,1.2064141996649838,1.068324276552572,1.0139017119735765,0.6066190687624047,0.7772371092055296,0.6054946494388245,0.7464576440085138,1.0536847252808317,0.970686487556301,0.9934590782351976,0.9832525210458994,0.8463062622777756,1.1632704754085472,1.3002336523931637,0.8025102357980766,1.0019027200857564,1.0224550240483397,1.070024915573026,1.1249460819554278,0.7924599430660803,0.9946328364684812,1.1504088296852963,0.8825242196043992,0.8635777296960272,1.5288979067298325,0.8183373473196632,0.789657419474958,0.8136832839428599,1.0697252418043313,1.1679456941523825,1.0029064324878527,0.8845276877005029,0.8685249271277927,1.1079875742010887,1.0968862834925293,1.1636946029903368,0.6069475602205813,0.919194419879513,1.1008075536002313,0.7831533739164079
8,1.0643111998305697,0.8354836400217804,1.2714264984996142,0.7899576494204336,0.8694791129510117,0.9261349302245296,0.847644612050334,1.191385316244595,0.9703675901381688,0.8643608900590671,0.8244013499402809,0.8848818740521086,1.8422208151859392,0.9828323439263992,1.0648276991382633,1.2351705849189245,0.8316078416375897,0.7894586105459405,1.2336775232238273,1.1271220665936632,0.9054414075523524,1.1315790244745716,1.3178059098966686,0.9267967905537516,0.8116415190496057,0.77007270458701,0.8610334775389434,0.565334710902766,1.5842321241783193,0.9783422459893047,0.4701309047596186,0.7981727154729195,0.8165740553034517,1.190945818868298,0.6473415157204843,1.628745467432281,1.0957688403294503,1.366062898840256,1.370616922721157,1.351698704376871,0.9807164595270076,0.8059090210269946,1.1994765439373616,1.097642471829127,0.8225265700711317,0.7313018188132135,1.1398256503383126,1.3003752323168043,0.7516309924686888,1.1251495929982331,1.5427368703768634,1.7732398356294012,1.260251895722181,1.1538811180570467,1.0534859396227323,0.7167660582527453,0.7401413114787776,0.7942889396442933,0.6909144390322219,1.3739574232657554,1.1589291294836626,0.7156884032211887,0.8774020690041962,0.812160516082643,1.183419610673685,0.971042280695209,0.725802224891446,0.9797805628708316,1.5405857071295974,1.8454306580607884,0.9401224755130916,1.3924864837993438,1.2452701144397698,1.1850707179160411,1.2517828160904083,1.3220237548395564,0.977763611548508,0.7410845762565738,1.060654937941306,0.9980658919774592,0.6922141231225999,1.7331854458723552,0.8137087573586457,0.695984565379869,0.8549553980660677,0.8244439877041047,1.1468309453633634,0.9691001420311616,0.7644530343312723,0.5941746740775959,0.9656432546164282,0.6014583633921933,0.741568626704315,0.6618634016987611,0.6638694622204969,0.9425263908931591,0.9183791976045854,0.8124284668930709,1.0828856869179124,1.0413709944652323,0.872938346824324,1.149766430618869,0.9728519800556474,0.9712651673235952,0.9508496442541184,1.1573423199319677,0.968289098743853,0.9049481060937644,0.9671869300990878,1.0028563437900466,1.016566498792782,1.187324267255998,0.8816673395635356,0.9069153849603158,0.7748435715615818,0.8599625723997,1.6485635295469991,0.782338708987954,0.9746336736707998,0.743767532235741,1.0288686736693973,1.3396871487448485,0.8009612707530442,0.9759096422073984,0.8735372526516246,1.131730400845392,0.9735361123083556,1.0812987684559872,0.925939906386834,0.9144591938495442,0.8332399899351467,0.790778495536484
9,0.9852922020335684,0.9266690833891364,0.729418790768757,0.8586857741739624,0.946729787343921,1.251118447674045,1.4097691610740948,0.8086786186598256,0.7645838432942753,1.3648814175784536,0.7804363791785308,0.9417595991634952,1.4268081125547687,1.028632664658968,0.9273275169862748,0.7588278668229032,0.8070774905652206,1.321598229675791,0.6362379763219334,2.3719578522469624,0.7267754476780275,1.050990117465304,0.9476621302643218,0.742629772507265,1.1429099976703454,0.7118772674079582,0.7174754677432776,0.7309595204653387,1.672222725467854,0.9752873603987694,0.5348903837387889,0.5701218707483809,0.7451853371936884,1.2990308165050024,0.5289468288682341,1.2264964327232113,0.767744510978044,1.2752921423774344,1.625835828979752,1.1607813006422438,1.0652492291279672,1.048294460382014,0.7868818756139461,0.8021498447659773,0.7827781716070462,0.78051707847988,1.015096905814349,0.9525034922429118,2.2486779432171926,0.9224678054654176,0.973085864552765,2.3107169302022204,1.163553207936099,1.0088583105415423,0.7771420507619773,1.055892191771943,1.6804599936634808,0.7648169017621151,0.9987425306000792,1.2305745000765782,0.8733193359033425,0.6931354316303291,1.2866452211237835,1.1148972670524728,0.796156112763978,1.647712374459574,1.0090438512354614,1.2895334833416512,1.316465100482379,1.3757330884969778,1.373109779941129,1.5098876253280398,0.919156650596521,1.9818713968957875,1.1021131541625049,1.442511767818845,1.7099246191861377,0.7725114979227474,0.8782852881602878,1.0185421094799554,0.8301949671539351,1.6884927842552335,0.9497715200140368,1.4484850673504026,1.4690346462587862,0.8297515758124698,1.1775861710598086,0.7928970432895902,1.1701252242109834,0.8963517934338123,1.1827863019513352,1.012878184023566,0.777573688973318,0.7516621176072753,0.7902825473884906,0.9798972001020754,0.8775770502874595,1.0416912952673685,1.003459429595629,1.0438563710278943,0.9279952545094496,0.9865155945090044,0.9292505573419824,0.8368933292269238,1.132352052124875,0.9800074818164244,1.1060235375293064,1.129216937125968,1.1579210573316665,0.9576431469448766,1.372023439827204,1.1095720346703175,0.7880207781278948,1.0910734463276837,0.7318801195215847,0.9478551023837528,1.68562818411159,0.8721075796432892,1.296842709014814,0.7695152586123248,1.0747392482999447,1.4938164855596698,0.7143431390462268,1.1920221008088785,1.3128533589021394,1.046646155247995,1.296893749749564,1.083900748507638,0.9868392941818112,0.7643197085016519,0.9587725079006364,0.8851370569203967
10,0.7540176232881837,1.578089057580963,0.9323085275187324,1.0501249142078048,0.9913078680955048,1.0885018160760718,2.431554690151664,1.058453970672762,1.0344947170897554,0.797338729158956,1.0402514048181632,1.0707612713477213,1.1441453772817232,1.0866241583658367,1.0907954573803489,1.01449075344503,0.929781142330276,1.2048002952434085,1.3011456761494011,1.958230620033786,1.1992292583180966,1.09667983741764,0.91780405990058,0.716905740231183,1.7624202309269723,0.8535896436652531,1.7207511790442642,0.8704190856514374,3.46246960704855,1.0351920287169496,0.845716022844963,0.5864980907346131,0.6602614683298174,1.4253974784729777,0.6656297058294964,1.3374402920556314,0.6106225248323116,1.4424717715900206,1.4855065959121438,1.2483649830588608,1.1167699462582723,1.004918160029542,1.1307799572876864,1.1494490555922532,0.9235039711323428,1.2855111695823658,0.7367118882324976,1.018379614391879,3.17095105863453,1.2140432276350863,1.1964362680372014,0.6935838380523515,1.35549894078763,1.0610915251943438,1.2248437450014202,0.8093628322489671,1.1572922395437002,1.0017648946411382,0.6402982450450388,1.14641156887973,0.7891193864676069,0.954675928327053,0.8080815660848378,0.848907318571519,1.10146719615723,1.260223555547781,0.8730410931411083,1.041890812386413,1.0385862194529654,1.2574512003284164,1.1228803322393095,1.4081779362318252,1.1284289333728974,0.7784133465013158,1.2311042474474203,1.5730394473035616,0.5283487671284426,0.6583343882225878,1.033905581970274,1.251090045130017,1.0353070699357736,1.791452587375637,0.8731840822748378,1.1742338086489954,1.2591461175358216,1.3306565273767097,1.4457425530916868,0.7948661933369744,1.3015875642375303,0.5513920915535058,0.9982394702655988,1.1037399083922557,1.028422394119913,0.8687953304437346,0.9230197556699672,0.9160572636317768,1.2015274166394516,1.0328164194096054,1.074247920758591,0.7421712910606962,0.902933669547034,1.0364222942794623,0.952117028816622,0.929856346933958,0.8526291370976523,1.1010329023873042,0.7628025954579485,0.9944359286929862,0.8922879301987395,1.3104018389076364,1.07079336812326,0.912218714011134,0.8303003250670866,0.8072122609897685,0.8201179622747227,0.9593943272827914,1.4594220827786692,1.2112470584203976,0.7415465587044534,0.765044487039899,0.7039551080421521,1.2089851430544496,0.7836946829380143,1.0605196957368823,1.0179042562017755,1.019697490274554,0.9534146042891176,1.085809017402103,1.1539162794176774,0.8098265776574248,1.1382903084664189,0.9355266396894016
11,1.1002586961373095,0.779419590994347,1.4011060640128432,0.8605037069771204,1.1062234231969668,0.8560227697963304,1.0244961766295424,0.7397359873466546,1.0547318854179106,0.8067258036033187,0.7310171958269109,0.993854212712908,1.190031545266894,0.8324321193750435,1.0799991879583242,1.0609885383390518,1.0018985444492554,0.9419391343006104,1.3182594592729344,2.3683931709491333,1.1715930612097727,1.1865180185901056,0.7850094841199391,0.7152051017421709,1.806749655849649,1.2519219261460903,0.8180809319283839,0.6839436796584362,2.0656047621651603,0.9947329970729302,0.6344376529022164,0.8648707900578225,0.8966871060114845,1.0323650183574558,0.9211355643418836,0.9236274774948808,1.0849144127152426,2.350676035374386,1.940541235707706,1.408998027057497,1.105121460622002,0.9098169255484416,1.0538962891439356,0.936143186535532,0.7151376256089557,0.8113991531004935,0.7398235082054577,1.07503444820243,0.8918256232084781,0.5013674142412443,1.4840863331999816,0.6888130247695419,0.9916019656170076,1.0666916767306016,0.9288899000434336,1.0158416385251077,0.9370018922564114,1.1922254467695128,1.2687646354324935,1.1601742647724735,1.1260943062504714,1.2275942816540122,0.8510366818822929,0.9218160303519888,0.9184779923488476,1.0870501170520133,1.3316088767568766,1.3185318987035706,1.6310265518845055,1.8716393131891476,1.8489109468542435,1.1802205700944792,1.1849573320825653,2.1875741048138484,1.8501717566232176,1.2695164556988516,1.498478847368119,1.193155103602865,1.1211966744775783,1.6545601291364007,1.0453700431729838,1.400258789604052,0.7904569186222007,1.2377354736829016,0.7238732532965951,1.3265646382234233,2.137844284211901,0.9559900033676598,1.199372444644146,0.9307332795090032,1.1528520197112118,0.7929554443492955,1.1734709781315875,1.1167662590327958,1.1019558862609622,0.9010715243572768,0.9616919899030923,0.9559350253312038,0.7563373283020158,1.0924398543298348,0.8848827670732343,0.9841781769491558,0.667946114855944,0.7506217852724787,0.92491535108726,1.1333974538799612,0.9201179325970346,0.9774782296502532,1.2908173346841096,0.9284560571567366,1.018038971683123,0.995918622563537,1.0166120354998565,1.1943389325004925,0.9167635703132336,0.9767719659801056,1.1559274866698943,1.0057605020342353,0.8498570218434881,0.871110170339605,1.111918604651163,1.0363207912467225,0.922849471828169,1.1233156895081986,1.1271401619927088,1.295392924611002,1.3553718953434235,1.077446695550773,1.0839691393644078,1.0695131652525691,1.132783182613128,0.9619549359995504
12,1.201457395761929,0.7491539066040861,0.7309128126152609,0.9582599237105456,1.4902854334243034,0.8937427048972342,0.9940740876446068,1.7499375,0.9146242289297768,0.843402889321375,1.2497201886824354,1.3192906477737527,0.9332587042172455,0.9932348108525764,1.685320266678487,1.114068593815056,1.5132766728859297,0.9389088958638306,1.012438673310594,1.772565457720999,1.0645409744663985,0.8395170465618209,0.8813182619029906,0.9944652102276114,1.3033938390987037,0.6501256572332892,0.9957978551535044,0.9853292116118884,1.148834464443789,0.673881407409319,0.6794993370812972,0.7692870036608613,0.6663801567658024,1.2215641885536737,1.022759998031602,1.866591043309964,1.325113459592846,1.3862064324719008,1.036705460017222,1.0084242534405132,1.2666280861406487,0.8897211723218598,1.0331371381631007,0.8171430615317132,0.7856528187219344,0.7969884104559682,0.7426994192663078,1.3281220479879086,1.14106376937217,1.0087705561392468,1.8798934622386,1.813550920992541,1.103607355558809,1.5903745059058407,1.1689804067230012,0.8634776436171739,1.3667167952991772,0.8165072301053089,1.1332975457106655,1.3102143795386636,1.085506277393953,1.0617150497105552,0.8236388521860725,0.9827679784343794,1.0580817790032917,1.6107247280032353,1.8603066439523,1.553874427815674,1.5585775399521546,2.0027725396259117,1.6614847979587963,1.159907070956869,1.0374788852728447,0.8965494618443448,1.782453084231585,1.351712601686958,0.5510706916687788,0.9254248070299568,1.1290555008140803,2.148654469609377,0.8814769937183126,0.8267833185479113,0.733519016683906,0.9812396470311092,0.7420934373935746,1.100480257949232,1.6005404227884144,0.6866802762334374,1.2683753518155534,1.0625063151363794,0.699667235379567,0.7209897418870127,1.221639125730124,1.0667142744345874,1.2011193541047949,0.9356843760061156,1.1483138982110483,1.1553579933848304,1.0827302308175344,0.9896463050758112,0.8389926141358985,0.7907984830424911,1.1973674610495646,0.8719813413471088,0.9406498345093104,1.2527217679559268,1.1576425507157209,0.9055810397553516,1.193408067224896,0.8071636363797564,1.250100657159429,1.162081332407931,0.9473395991864836,1.0734617575210994,1.0354285562780463,1.0764583444521536,1.778713007605485,1.292214120878343,0.6729605427508316,0.7504200669748338,0.9033936067470524,1.1148243353360308,1.212247815874254,1.0065024140491188,1.0978317384168017,0.6720710450992861,1.0321632052931446,1.1960488530949147,0.9122286294176106,0.9629854227405248,1.2821904671434452,0.800491805340679
13,1.0936760698932722,1.09454497472461,0.7914797980645053,1.0777973538202423,0.7276783851087214,0.8139271939407903,1.6634487751900566,1.4850544241375825,0.9250660583224636,1.3355140670108625,0.7971651455006457,0.924840418528553,1.0573877922941473,0.8438853727758598,1.0770662820555648,1.0031746952010174,0.7812063282917437,1.122859108151219,1.0174991225368355,1.342914732144309,1.1759477137600365,1.7408512569324406,1.059553121775173,0.8152302013732332,1.7589375055196503,1.2401593424496271,0.7357739719661701,1.4448748616641236,2.3536286665128583,1.276764443458834,0.7570861925127076,0.8426536169541023,0.743445352709658,1.4557189801699717,1.3149294542272776,0.9535577866371662,0.405081818911918,0.9515459092637552,1.354306006979845,1.6274333632824198,1.265058722101404,1.0404139309270943,1.3224256450792784,0.8776482713111046,0.9292392232577136,0.9954916890032618,0.8306644614455284,1.155180701745833,1.9224244337463496,0.971042928439222,1.5829886165150877,1.9114357844478085,0.7163852725793328,1.097299963988418,1.1760439117828865,1.3680998252597754,1.1661928867649087,1.5915615274231725,0.7185088635745216,0.7886989390376481,0.9837571675325888,1.1456062941895695,1.0543692150717878,0.7552890331351555,1.491348844952019,1.396696075176621,1.0317232746805411,1.1495603179193756,2.008356260609963,2.358089957785157,1.419172942989703,1.4107091926199022,1.039285990444569,1.50959324752936,1.3411541087795782,0.83531058656656,1.301759211506504,1.7302505812451563,1.0612541646462592,1.80796875,0.884662977456455,0.8158365516497761,0.8778125315306226,1.2954377917929396,0.9235081670266416,1.1885084943221056,1.4644493154306233,1.128328930706136,0.772488144837266,0.5838715574299803,0.90545333581723,1.1125263220254091,1.0564908876768688,1.0553180985059336,1.0381990876687852,0.8324930600411503,0.70931283309795,0.9552725191758704,0.8693101495892406,1.1036546404090757,0.7798045226625386,1.0017903215234238,0.8109856310774739,1.119871767320387,1.025440999389874,1.396956891373819,1.2307551966819168,0.9747381528446571,1.143300237222538,0.9444231859430092,1.000843259094231,0.9588641148178312,0.9881861352362016,0.9693066158928582,0.8369677911350646,0.5999850587119987,1.666333746545028,0.9310209478379178,0.7793296320734141,0.7980447301459757,1.1583485464503132,1.294559388547595,0.9249293967764814,1.1700081816746437,1.0203610206166105,1.1667054617361723,0.8143463672791197,0.7698467330682888,0.7755292442349361,0.8916670673654854,1.1422071534005032,0.9997863284852032
14,0.7199324385727394,0.7886792246970962,0.930633478099802,0.9936962860609831,0.9484268699000458,0.7181454861929941,1.0000053580087496,0.7815842986379075,0.6857894580464179,1.3762662641905925,1.056751245084196,1.4523226024036129,1.0972011850877932,1.3389058857808855,1.1525146114656402,0.8059579807529547,0.949084497904916,1.0597693429079602,1.060687577667496,1.1773680691628654,0.8673921142112468,1.1864406779661016,0.8424474897175938,0.7742755441885485,1.0538598658832186,0.7744488192767658,2.146481185860889,1.112607052186178,1.2864244528142534,1.2837093002002875,0.9338587214093772,0.7337074928796415,1.07374820843123,0.9336605200271072,0.6278263739891071,1.1218601810300215,0.7964631171784892,1.2960533348882863,1.3089018828127028,1.3230721166362926,1.50349776334369,1.3266205797119144,1.4752198691338916,1.1247780341374436,0.7819968792142963,1.0374146504378805,0.980893250879968,1.4361925614699529,2.658853476274722,1.5975107859315665,2.0657753100288345,1.2290790190735696,0.8263761801016704,1.0821990242746071,1.1262048192395169,0.8579026066849027,1.0816001296105608,0.9956682642225668,0.7609581936338352,0.9957073594326652,0.936935758210127,1.0267680527319496,0.5466978458049887,0.9612331539464272,1.0862422316703988,1.817899074722028,1.7143917372750326,0.8071665883243112,1.178060155276433,1.3271728574896822,1.7517624796958988,1.157901935662104,1.2827080661396264,1.9166988268543852,1.0540985808853742,0.7443112524877238,1.0438135374752016,0.8409080651712777,1.0733883708288725,1.126537908474875,0.9022033600798997,1.0335227707806889,1.1766339275734885,1.432347902619957,1.3279130754212976,0.9191487781390452,1.0099388015632798,0.6573213497310291,1.0375065122462437,0.7285507109563515,1.058869130118161,0.8663167080158657,1.2309504849509312,1.486407029014295,1.200444804147996,0.641027549063789,1.03285990592608,0.6712802879829095,0.9657858165275496,1.1177068734940283,0.9813527512975349,1.1305835128780497,0.8728240094286182,1.278066265644383,1.1211043413745811,1.2542601741448502,0.7872101847937123,1.0594879318420845,1.11084640966145,1.0485790080621502,0.883332308039148,0.9981336568562214,1.072694173589449,0.7456108328535522,1.1599317218994047,0.7612245148813427,1.214843101444463,1.4281305611245017,0.8524895083758616,0.5314064368643305,1.1050204998098492,0.96408723065423,1.0631582949922047,1.20625206496048,1.1756188108416836,1.085920991368504,0.7620785412624368,0.9889076058749078,0.9579202561344848,0.9645685552662296,1.389336061278974,1.1245138872143503
15,1.3013056546152135,0.8645258010203065,0.8033026265976817,1.2092155819301167,0.9396944770857816,1.0932121667105628,1.0466284532521992,1.5413894736842104,0.8405381349507928,1.7770592048240577,0.8358152192532486,1.0044579750050902,1.4025011699501386,0.9996451353246149,1.2013276846587069,2.02755477298453,1.1808972217452038,2.2805445916946625,0.8185069132772805,1.5430864657650942,0.8413581872542143,1.2754822811135953,0.8429627918447367,0.9695355702923616,1.0900407563874728,1.1144484696780352,1.0209088228698149,0.8523515854229728,1.0894031383548934,1.0461792120414324,1.1797076114417078,0.7591933570581257,1.06751314599361,1.4834669090308188,0.6003543928114337,1.234138191757758,0.7153785996935287,1.1418518879749742,1.7682386755963897,0.9552256385190246,1.6231897087647442,1.1447108882355546,1.2675087297660987,0.7943661145158902,1.1693273852469843,1.0641795137801948,1.082181898819774,0.9515449175191196,1.0329444602167164,1.05484304364142,1.4152674757115833,0.6687599259209839,0.8558698112028422,0.8933548755996441,1.249083168050414,1.0719358710373608,0.9578600571233488,0.9971797327033834,0.9659216315482216,0.9839513089047152,1.119662547398778,0.9319083733049068,1.0616759455737146,1.0818330081812642,1.3492468142648968,1.0502289956880426,0.8141180348339516,1.4849477716950317,1.3206415217742922,2.5201217050523352,1.0326130629311578,1.2577515411684124,1.432827507550917,1.47351842685506,1.0411083352259825,0.6989021697950194,1.0184437135690292,1.332623667795552,1.253337925064804,1.0224950732429414,1.1850047654347136,1.3702364368603055,1.0601777894544415,0.682561867802686,0.8696690725180183,1.0054585502984996,1.1722179901766154,0.7025468296615823,1.2164711626600802,0.9030483843259268,1.0301155384194554,1.2352982183299597,0.9591733107656676,1.103688487828166,0.9937287065232484,0.909546112665794,1.0474593896634523,0.8492811593526013,0.9191923413086176,0.9965521586236126,0.7951058402993688,0.8093272207149349,0.9081845768718572,1.275284134532005,1.198833698381864,1.483749729185399,0.7227056074278132,0.9956475293328272,1.141716311507559,0.9300719424460432,0.9043889512721685,0.6579173111082159,0.8699279956823736,1.1232952544582049,0.8680503904797323,0.6971311137674796,1.7005604704185964,1.2148971470427654,0.764574245862384,0.9502437636796068,0.8095222343258981,0.8784776738051875,0.8557107387011464,1.3305837602569557,1.2475305243385044,1.2332742043368468,0.954025664457888,1.0775577641517096,1.0651730971409434,1.2411705766237109,1.076747737406647,0.7551931110289333
16,1.325132680284773,0.690363196571292,0.8715286376318205,0.7019876737293572,1.7321794818132352,0.9710487160316532,0.8408131986400804,1.1774937409408357,1.253132312124252,0.9972679155395272,2.0266350523611933,1.006158648832999,1.2020757201803405,1.381645027770899,2.907888288106193,1.6695170398050216,1.9914783449335185,1.247123460337472,1.421734111042826,2.091133442165315,1.4414321783139687,0.8817662496710382,0.8302605996343845,0.9020162374459904,0.652775901603912,0.8701307410161693,0.9387702148542162,1.2322016984349855,1.819306771162299,1.196408935506585,0.6142618218755838,1.088505253078124,1.241103393554462,0.7669463987277297,0.9633493067873944,0.7897857542336267,1.1421373640944048,1.2710068864917397,1.644543713759836,1.219334843649112,1.2025021685498778,1.443212913599573,1.4867322719150864,1.0104162427677457,0.7892895284031775,0.822462602928359,0.7373268782112659,1.3183989109023744,1.141898591880398,1.413805816336602,1.863641762261864,2.572899760045318,1.2808324570800904,1.107344424514431,1.110469242481216,0.6897582960453146,1.3657094302667203,1.1524927153161473,0.8499793729326464,1.370276829702709,0.9415921507848036,0.9312303320580176,0.7873798447416456,1.004183454448378,1.075803624701671,1.123262399373796,1.1287426407117924,1.4764365291963248,1.05693376415714,1.513451930511463,1.471568356459727,1.508013249310316,1.4370264212129062,1.301801580333626,1.0847097207067968,0.7362522278246723,1.2157830101913334,0.8821553215259182,0.986040128082532,1.6087805264864137,0.9819803352864694,1.423790070713515,0.7234285674552173,0.6848547481796116,1.0465995524106262,1.04113608117194,1.21285041751555,0.996396481455255,1.1216663373656266,0.8833524459240449,0.8637991560582958,1.2598773883291654,0.8622071781760345,1.3089732952759316,0.7678622372692485,0.984786618866333,1.0904040503021395,1.14850779377723,0.8744917040159093,1.0151528122592244,0.6544917605616812,1.3028429613153982,1.0160993334003423,0.785065927951973,0.8627690345502995,1.0286988779899406,0.8622152462563101,0.822192417138936,0.9563445426751338,1.427948376092366,1.0579201517906551,1.3258094629285764,1.1914799007068548,0.9485345963217872,1.1372839282866818,1.1083770558356756,1.273293078734134,1.1835714953490115,0.7510764430577223,0.8086933447222231,1.2748668972637134,1.123110205757418,1.21473840758135,0.7164190458078779,0.7554307058555658,0.8505738483166583,1.1080350440405735,1.110349600769763,1.163491703357722,0.9407046114156724,0.8580873800721889,0.7037658373026887
17,0.8326164776428382,0.93871810026859,0.8971963156693806,1.0026699733567588,1.628705636743215,1.2564107090880972,0.7054743566697548,1.0179476524729345,0.976076815499033,1.8796775245817603,0.7434673970087174,1.7098501877749146,1.5079179158002278,0.9843389752045916,0.909076788564013,1.1136294027565086,0.9734765420876624,1.4425972798901356,0.931057443557788,0.8152447297118037,1.129448783323481,1.2544988067360088,1.2775434168100206,0.8867858724361417,1.5355198445291711,0.8161520190023753,0.7916697645680414,0.9334930447497573,2.2810279063795846,1.09185662050631,1.0038272386109308,0.9150751169247986,0.9893075780287068,1.9981219480873376,0.9442694005759786,2.193301046749906,1.4772203043484993,0.9030326425699786,1.188270657174094,1.1330649050053043,1.083806971808069,1.2370035478532413,1.1111395206287662,0.9038503729706012,0.8744579692828518,0.9550478063012352,0.8166428335514432,0.8237109487756417,0.8507996283679157,0.9678270042194091,0.9554662398389676,1.2524561301577088,2.0810047987683875,0.953440916683188,0.9236670143189885,0.9109991781172792,1.0875155726743857,1.1816391828698007,1.058358763276796,2.052340172953124,1.137349281279901,1.3608831353206563,0.7191668327937947,0.9041723371062504,1.2867305963819962,1.2966430334129813,1.1385739608580834,1.087257194793811,1.2923149927634232,1.7444440173732558,1.3222942623952036,1.404004151441595,1.1796673466164556,1.3385700646719678,1.422640910466448,1.0401873696204946,0.9487307383306745,1.6439548620242357,0.8606420438179327,1.2102157761408836,1.361486904857298,1.487089708602504,0.60612372422412,0.7630158401564741,0.7043576731967081,1.0515522609020742,1.572330072713203,1.187197033253236,0.9171871845665271,0.8222474000028998,1.3739107228893583,1.2888043492230776,0.9214639964843996,0.880998613037448,1.2276171820897883,0.8524315792956214,1.0811930838745625,1.140795721024978,0.9395692235163382,0.8735419697918121,1.1115262942424355,1.036449960648037,1.0625449789955492,0.746023893108518,1.1983945392491469,1.5169683409477623,0.7479976863555652,1.097379675935601,1.1094411856324504,1.137675597122931,0.8157416362430313,1.025602409638554,0.8094313303869684,1.1839203675344565,0.8139640418867512,0.8795786196508059,2.0729182079547117,1.2647590827387112,0.6507273387389566,0.8244123140408565,0.7702460876170253,0.8595820144417401,1.18610008782861,1.0902168747976126,1.1018866602259585,1.0459495171508095,1.1349296059182017,0.9177807940640536,1.051075681149444,0.8419777454328757,0.9290125052454888,0.9116046942428327
18,0.8751385952113035,0.9092198815744008,0.9542279500933132,1.0509309395036712,0.9306002735371052,0.6549518569656597,1.1375269794434244,2.650334343323338,1.730940715307251,1.4541817886484412,1.5134348897973673,1.5714775941246613,0.9477116439489996,1.058158719964491,1.6477802400381942,1.704962683079881,1.7117190519247092,1.3435894690376502,1.0528128474430551,0.8001015789304068,1.0155991032896186,0.8882628133363978,0.755435185828253,1.1240676878659073,0.7788871715188812,1.096785761343517,1.2700549636968177,1.0643491941328354,1.3097380176600135,1.5175800087230449,1.033471256413934,1.0806958686035382,0.8294260989600984,1.1342536032428607,0.7742046664076095,1.0866805809941644,1.1739339973102805,1.2316753104261622,1.0912652680422723,1.183681507655205,1.6643980226976776,1.1466321163920912,1.2819058341686458,0.9527743677975474,1.029796036469776,0.8473864294557089,0.7869247849891527,1.985326819240513,1.123291001918868,1.2229686105811433,1.2917958635680722,1.063777881382541,1.193621529809736,1.254160837827771,1.3258639093488724,0.9160420013599871,1.300076904376468,0.996683454844588,1.1249329992687558,1.1659232764704386,0.6557627070155645,0.6930935488720726,0.7817223901607661,0.5500387080377283,1.7699132281884546,0.9054683662124776,0.8574377753062654,0.9869421496271562,1.5397180264902683,1.7402672587891943,1.0387392295004372,0.9894305950860348,0.9910603432015702,1.7693066211308597,1.2891324390048369,1.0949853901287847,1.2054566933077897,0.9020538315576284,0.7879202302697514,1.8608641822209184,0.9936123012847664,0.7864740074284131,0.8481811579247664,1.0359417748902446,0.8632576798733,1.0479671063727996,1.3373159181409442,1.024117736185584,1.5757016425690344,1.3564706502223978,1.1190511057188472,0.9844995684256732,1.1833671329277382,1.3431833670310376,1.3088077260661155,0.703724828337312,1.05044268713813,1.0790364054435555,0.7697554873136038,0.9710229918965202,0.8127668023428969,0.7154195409414379,0.722227432041168,0.8857978196699001,1.328864906719578,1.513863935246069,0.7357836272462528,1.6243574481438907,1.270894212637346,1.0710626804507777,0.801248137239126,1.365823189708832,1.178305225404783,0.7146089588040052,1.1861374606940287,1.016562982631117,1.2931507997884235,1.4520178810951268,1.101326548511636,0.8649170920809607,0.7457031711429216,0.9227783452502554,0.8583432592589839,1.1992907077179125,1.116678514476743,0.929307204573317,1.1011306756120591,1.14019070455457,1.142663974437511,0.8027825515262701,1.1634233550504267,0.7502024508713466
19,0.9904303695038392,1.2644273415748426,0.8091189607228297,0.8215053268769649,1.3657091330671132,0.919533032529344,1.1663182544746518,1.4667338745410476,1.4592416807675488,1.3839052094569144,0.9405436156763592,0.870024607497221,1.2167389668392905,1.285507777307089,1.2589385718099957,1.8601144802544685,1.0221234515804842,1.3451579385862056,1.3555349813081736,2.023183459586023,1.2562053549198746,1.171477798339131,1.0213870966265568,0.7863795451024171,2.039314679470232,1.0766799121765254,0.9385550165943324,1.101362259159028,1.9000626379056904,0.938508539429365,1.3391384413022032,1.1189313384897206,1.1803605549555538,1.1317569600751074,1.7971537660534536,1.676409306632712,0.6509231615761616,1.0256344122075385,1.7135091259073725,1.3248065952751122,1.355976285605255,1.5489761048631832,1.1643511806767082,1.1574937585920062,1.121852289014856,1.0603555188094254,1.1229506116082888,1.1582001095551917,2.239840729265357,0.7468029422298135,0.7054049970384395,1.7955479181683125,1.5118532035367735,1.009537464156589,0.9878657402876992,0.7051980347616641,0.9049636293058344,1.3475894936920023,0.8950122049473006,1.4878069435118026,0.7089357514722436,1.1971205018811766,1.181092390415332,0.7481004800748412,1.0194515581346602,1.4181936756840958,1.1489535558655104,1.0905617949936768,1.365290384826239,1.8335651441688765,1.554333027086262,1.4967774682807318,1.2543988651086346,0.9903593627794016,1.536242935738613,2.4495119823213085,1.246840318217391,1.7415999999999998,1.1390555480484692,1.749976996687523,0.8448259594238844,1.09749155058166,1.3132085407162497,1.0980727895369595,1.1723426378019022,1.610821536258631,2.064641378208781,0.8821636812473616,1.3195121152433575,1.071622846781505,1.1741500335915858,0.8440913100207708,1.1724537336120084,1.1356536488712283,1.1565107319903662,1.003671749874047,0.839198797417688,0.538353461998685,0.9885569500136736,1.1146302913113708,0.5703959836419856,0.9839502872348362,1.251031057772266,1.0419661639173832,1.0895461173699543,1.586676808348803,0.9044347424774908,1.149158606909654,1.2462290902174913,1.1192879794867818,1.0303645153472314,1.0891751844625066,1.069484987975725,0.786282682834407,1.040440838385196,1.2171177138531415,1.1253867381534337,1.2520779233223776,0.7242904494991343,0.5747638008130689,0.8443501090005352,0.9614801421956226,1.0079491052456413,1.3739901808277486,1.2667722067765703,1.154415339410647,1.2120828891350852,1.138590935427484,1.164012662439024,0.9184348627619568,1.0950977424442785,0.8517448475260253
20,0.9898878280947976,1.849898298415307,2.1326919093476038,0.9929278884473182,1.1320572342179864,1.15231478030661,1.1055166432014218,1.0230208778095269,1.6193107622639815,1.1245147972377227,2.2386573894124435,1.745431537806444,1.0250616139507998,1.9166745350040435,2.4829588495027206,1.807695949998421,2.3449404042326627,1.052039204954843,1.375966255576799,0.9678620853267962,1.3420890269607133,1.096971044280553,0.804329436754709,1.0145719535377058,1.823394525730477,1.6116386960265483,1.3937279111172023,0.8946867524628533,1.4690306238269584,1.369826710090591,2.1425950163230585,1.106121275136606,1.1531527539691553,1.4698982969460146,1.0074254251860455,1.3460389702744986,1.140903050925937,1.1780819720514828,1.155602043647959,1.5006085947904289,1.2964458106023196,1.418183579011932,0.9306292449925924,1.069386101004969,1.0594831206421087,0.6825833680787468,0.7345264318445442,1.8204327318251368,2.775788319136029,0.7709923920993051,1.5850434346097584,0.7208942942267754,1.714297894769479,1.3364680828459798,1.167014391764428,1.5696542877124666,0.8097672282948799,1.157826283646234,0.7553221080976222,1.8738447997652927,0.7975095541343831,0.8877918656712288,1.3003695986664956,1.2183296578946932,1.33104418072114,1.6763749591661925,0.8859207610151958,1.0682588765566985,1.4286560156595576,1.620066174072561,1.0995976424519531,1.0085863761028877,1.0192418858180237,2.300164844506538,1.2366405995438252,1.2077044907651604,0.8265879226851044,1.0867131773204783,1.1034417549167927,2.3745867008914634,0.8259837377169738,0.9248601674830146,1.3768086290817565,0.6704409637038435,1.273276732114065,1.1829263933078324,1.6209309127864404,1.202745178102291,1.421869183301878,1.057859406041772,0.8908735696343847,1.039722203999356,0.8254330463644849,1.2451725077230988,0.7193000964552689,1.1935986603197537,0.8596538832119871,1.111936586686478,0.9486501159678524,0.8129359536781093,0.9085300257046288,1.221684687870625,1.3067466959081204,0.8710166172615139,1.0813900226883206,1.129177181031842,0.8048661558112598,1.2279116893076742,1.158464537854843,0.8973099675776303,0.8844487761761771,0.7623664594871369,0.9852387286796112,0.8213081783345885,1.0090267682907037,1.249851796108304,1.399622170338979,1.4292912142843337,0.7553510753341822,0.9367187882946916,0.8938167756972215,1.3897202935322628,1.0564869197206244,1.3448216415869758,1.3244114460855552,1.101494311530033,1.1814048373003825,0.7857520286247074,0.7214497846020552,0.9835139044553652,1.1479136166477415,0.833578506990836
