[0.5631973584471013, 0.043163173794452225, 0.021968473403441557, -0.015456688549305302, 0.9801556655194994, 0.021439142301849207, 0.0018987231612831766, 1.2261923277396398, 0.00044555200057621696, -0.18161303673671414, -0.011971072044921914, -0.002407447286909332, 0.0010468442629282537, -0.045248728622324604, 1.821939441020586, 3.164166894242834, 3.160634601700822, -0.022567729448862872, 0.18821151684919177, 1.3049376522124774, 0.3257403135933944, -0.02902065609783961, 0.40243572809639305, 2.213755111183847, 3.15226012874767, 0.012138004312938553, 0.12274697659574116, 0.1536219811256637, 0.7107902749317532, 1.7015689043189566, 1.7790293837071913, 1.1157877156182097, 0.7766773058499847, -0.002576792178500796, 0.9304870264307471, -0.046000945037910794, 0.8792347295533443, -0.0024433069055080025, 1.90666085423022]
[-0.0013067207245747055, 2.0440367737490766, 0.07700278389986705, 0.19392008657379015, -0.0032232517907808526, -0.023691227247149723, 0.9783022399083006, 1.4847011458729862, -0.009075514320484281, -0.19645059818464514, 0.32946950999162605, 0.23950330767795708, 1.4084892990785363, 0.041144230039665775, -0.0007731718917928978, 0.8776405666838769, -0.03063471973462012, 5.126399099256962, 0.024194513230236157, 2.4891978053706207, -0.03376789809990371, 1.3495422525361318, 0.05326798639253799, 1.534808887191963, -0.12864748122013434, 1.7400285963983593, -0.005481891777086488, -0.006000266420176853, 3.3525902908403267, 1.3925313452897086, 0.0007608700220799267, 2.4158936178924226, 0.11387574916034447, 0.8856095930799559, 0.46037262844385884, -0.004308302735673998, 0.547386081935717, -0.16577589441898027, -0.004097009969601874, 0.013004109500681187, 0.0024122062025522008, 2.2562034109299853, 0.27443200394881934, -0.00033909979814402633, 0.9270455316094172, -0.0017509680335133868, 0.035649806716225134, 0.006751961697679388, 0.182594422432759, 1.071334491954465, -0.07216428745422805, -0.03508849144168999, 1.0675486840089534, 0.3925357946112877, 3.8360056086434406, 0.41389217195255285, 1.4349815202542353, 4.693952869496399, 1.8712596142766436, -0.11431213332911618, 0.29315666294031895, 0.12551419019322171, 0.14158192545917297, 0.7602897319626536, 1.2719316698484857, -0.003265375717943052, 0.08439767129751315, 0.27420056130404447, 0.056793209518806835, -0.0035866133906158307, -0.030082526057225615, -0.0132317721067102, 0.7693188909702762, 0.49127806223390585, -0.02873137785283157, -0.11453028616486345, 0.2792920850447453, -0.014402653706693025, -0.00031856894881722447, 0.04380766758298438, 0.08669207904492275, 0.010962799228430206, 1.046748438354863, 1.0099572768921727, 0.3530526596470785, 0.018597608739658225, -0.025316683547281563, 0.0035864041772622605, 2.0508044932416776, 0.009136073649144191, 1.2857285469721906, 0.07072368095730258, -0.055952424769478655, 0.7926657422685961, 0.20991226856268969, -0.007821991896522744, -0.04143983963397021, 0.9072044437646734, -0.004667432933461454, -0.0010195678175705138, -0.001452897485638326, -0.00358556504098121, 0.007733007102337948, 2.3640644409296603, 0.737265768642104, -0.009944224575164163, -0.008103528468009909, 0.0006157233137108544, -0.0821481808334069, -0.00594487142326485, 1.4942701211571736, -0.0077607703300390015, 0.008418631119886102, 0.9014230577546679]
[-0.002013928661830776, 0.06867450812855853, 0.3750167366520841, -0.11572527419737744, -0.22963636173543617, -1.1321636152002634, 0.3754355200700821, -0.028780346234992465, -0.5389612986612359, -0.0058287366412901435, 1.038016015501741, -0.07264399648375043, 0.3173786758395166, 0.5515524782986447, 0.875083230568447, 0.6434018828207586, -0.8746668499650981, 1.9917865144058813, 0.06886204629799922, -0.10015294823811603, 0.3131948396497226, 1.84756331090843, 0.3896636387971857, 0.07566308848496324, -0.016399461563846456, 1.55090650972217, 0.6980112545985686, -0.24240992912788567, -0.6908049621431261, -0.030615996668393906, 0.016721228694888523, 0.47005096276163905, 0.08643170793386377, 0.1950093462507448, 0.7461820554666236, 0.3884492828324894, -0.008755601776431346, 2.18539170151289, 0.5608795743918513, 0.07835550621990742, 0.0266817107792391, 0.007088712158086345, 0.013675591800415906, 0.006468879396189897, 0.18005550020961708, 0.3516614280080905, 0.40314763014341776, 0.5435408477465402, 0.002293383654311185, 0.32878935600752623, -0.02261171835376596, 0.19367698543590717, -0.07454513637963792, -0.02224287907579179, 1.8729067181845793, 0.1870363166166294, -0.02675389179289291, 0.8557130904074826, -0.06165798210299797, 0.004740874914328714, 0.01472592266882141, -0.01855348778829759, 0.0075447740130102125, -0.07659293414814267, 2.339753355720933, 1.2928975555796371, 0.07140797521861826, 0.017686494353826604, 0.08334689079290289, -0.12478663653939905, 0.986072777032695, -0.003878571756249357, 1.1389169542514463, 0.0257601014455662, -0.004799263294990808, 0.9702228780660442, -0.01790324945090768, -0.18214555567982277, 1.456423777352871, 0.0004813403483290013, 1.0193842687991306, 0.1817866097976502, 1.9419954357308093, 1.5045275780744902, 0.6582166681144208, 0.003082305936192739, 0.0154418587672185, 0.9856212212099825, 0.2611007531234791, -0.0046430628567329215, 0.32136830665568844, 0.20832053463451478, 0.10845348259755087, 1.2908721477188214, -0.03598700579996446, 0.08883918927405465, 0.13398789809324657, 1.5148624115205083, 0.012458285674280955, 0.25985375334950833, 1.8119825069015913, 0.09175069920419804, -0.01429260555002969, 0.38226837825845117, 0.09301349767449371, 0.27497630443235005, 1.5914279327246699, 1.7844375829807972, -0.02886837643237512, 0.0169084875988693, 1.8384135910046038, -0.20151573045867685, 1.4282039150146406, 0.028988979629123782, 1.6633945398332468, 0.04134268157229157, 4.44659005651063, 0.06732392092914467, -0.11104564362020045, 3.5254874264699363]
[0.1888457217013384, 0.002499181859149927, 0.0235349898521784, 0.043556322648542485, -0.4823223798818315, 1.5698200994182496, -0.402908561575086, 6.733548392267058, 0.7601030288127835, 0.6023928428103403, -0.30346913410276416, 0.027949400924297742, 0.8656917845980587, 0.6234109304529762, 1.9232261694680712, -0.000988934118915683, -0.0032543162113773203, 0.006477213666237005, 0.013472466248596259, 0.7833575902801737, -0.001290412820521886, 0.0016892522378139994, -0.0022672230319456337, 0.005619803371068699, 5.3540907150491476e-05, -0.019955709441951283, 0.0020015292782151893, -0.003698441722847952, 0.0020958531722018803, 0.14401865316053777, 0.431925741128366, 2.228628051089508, 0.48072555958095414, -0.12600236566596612, 0.7649496557267207, 0.10324976468334673, 0.5602615516960814, -0.0035380437811283025, 1.766418233732563, 1.81811235618185, 0.9965816224708544, -0.185424701957044, 0.7127549497958408, -0.16467998117652394, -0.37203531054456307, 0.07679033121419968]
[1.5935366885715243, 0.2751499304709674, 1.3410802841614002, 0.1273156205945356, 0.19692841240522332, 0.006122770959542504, 0.6499861763806896, 0.17322018016111446, -0.25103641707640284, 0.24780269742110808, 0.10150028003151926, 0.5831510701839902, -0.05110694859055771, 0.33209603477357996, 1.328539722732761, -0.060399218508461736, 8.46736545816824, 0.122882792344566, 0.15413151377228404, 0.11373066112693928, -0.24550299055800964, 0.04130731652896009, 1.4849842653389527, 0.970200303649308, 1.840863359547143, 0.8469613084674091, 0.2552806632742253, 1.2446692645840391, 3.0987438976329296, 1.2258971810924502, -0.0022239919292966555, 0.8702928512138635, 0.408984297295433, 0.13858509566364266, 0.16130881295396302, 0.3733645585382394, -0.07269022802082865, 0.7834169826864076, 0.07936480306311357, 0.13354553659347757, -0.023253576815327144, -0.06289056358016631, 1.5974817935762458, 1.138408758070363, 0.28531571184023163, 0.7555303747147454, 0.32620641023429375, 1.2064818826381596, -0.1636852541413771, 0.20329199893050653, 0.2376450609648886, 0.12390156657073051, -0.350193071021903, 0.20584175065939556, -0.30729888225787916, 0.01590341965868787, 0.13362055925335536, -0.06909160616130866, 0.4765327716729241, 0.31568313292640654, -0.014764543086337812, -0.0006778767959263785, 0.009406719498131924, -0.15498492308790657, 0.1379332073642093, 3.567037700467632, 0.3297225757144763, 0.01747650204310023, -0.003179461157098172, -0.2414156339583437, 0.5837324643987115, 0.6438708215895106, 0.1978470713199186, 0.6915417749470796, -0.06341488627132269, 1.091315388385671, 1.164792829604746, 0.42395986101015043, -0.005467385386822288, 0.25907997164847324, -0.15994668378326565, 0.9244501995405695, -0.12522604680595575, 0.20398958890433702, 0.20355215695614093, 0.5094932697995576, -0.015183731900535777, -0.002660719866010738, 0.18568482514652085, 0.43179945801891995, -0.4805898267205414, -0.10056411159946185, 1.7572369117064044, 0.03892460589769819, 2.4765709982255557, -0.22290825244645, 2.9703513794497547, 0.0004212149473995241, -0.03035984045071679, 0.9030743167353962, 1.0105008818555532, 1.4830050222825142, -0.0009060217612980691, 0.24259474227719857, 0.47078170962228727, 0.2843202641133472, -0.011498849425986085, 1.3498116320069597, 0.10735540375851049, 1.3930967427069054, 0.18375101088212362, 0.16014142217258287, 0.09848567983792345, -0.09791187053151933, 0.19919073839818988, 0.16245868471865874, 0.514315810642992, 0.6091578052272957, -0.11425823577541717, 0.6950314396000357, 1.0273125285515805, 0.5110080592471818, 0.00010785135591190552, 0.8809540849541031, 0.6814620276755207, 1.9624705613467701, 0.5849127271614071, 0.6467228302482804, 0.000520137706137918, 0.0040217115399829185, 1.604039302586665, 0.2105921778995532, 0.3158508476472231, 1.284251289199897, 0.4720730283821063, 1.3163108010701434, -0.44423450855710334, 0.5463463348726336, 1.083095299426123, 0.30724132011482325, 1.3627518578147864, 1.3794690619765226, 0.6618036622561856, 0.433793889608072, 0.002504418151662196, 0.3661987435027096, 1.3625008342064004, 0.7613977953373416, 0.9423813237635372, 1.0573844901597567, -0.05821643568400343, 1.256042857138112, 0.3718323525091384, 0.5336254388127571, 0.5306027983992044, 0.004157618041671905, 1.393739352956387, 0.24728080071241046, 0.23778349274280647, 0.14195861731908704, 0.38158413361943533, 0.7624144723829933, 1.7193506904711124, 0.7497524154141977, 0.381335895333043, 0.7422692311885785, 0.5872413256380647, 0.6771452264802782, 0.7933033442544135, 0.2764503159984254, -0.03877004163085925, 1.3847553710633342, 0.36478096339599847, 0.6254409493985192, 0.6917938587556869, 0.4008354730207252, 0.3195915796247648, -0.008639912677810873, -0.055377303356970886, -0.24026222111663376, 0.22367017370354844, 2.692407203636461, 0.0018747114234449335, 1.3178738147665148, -0.2157876568754208, 0.34615559586100864, 0.3317926737025293, 1.068774150679603, -0.0025978541795736443, 0.5311648915212488, -0.007024225996752309, -0.08490594012547888, 0.5248354938636088, 0.2381010352727175, 0.41067075659847524, 0.2478844952519965, 0.21707984000169897, 0.07111851422379206, 0.0738112250322123, 0.6094102904051507, 0.2930953394424538, 1.0966696741463378, 0.587429931820271, 0.9524351721481268, -0.019391831416392044, 0.04091589537504969, -0.02152219529686512, 0.9404266271219678, 0.2945782361372126, 0.9262888691257626, 0.7273243117212126, 0.5452488083739705, 0.7769178765342993, 1.0726203511534904, -0.966401375134485, 0.08890163588287378, 0.7896465970438259, 1.9466723373644033, 1.0944279683627616, 0.03164223099298713, 0.9936142513767704, 1.7617584596472429, 1.6977730213142068, -0.8241985511376898, 0.7209674318842156, 0.3728779309419569, 0.0030919702771541693, 0.10162768823382728, 0.09972127296554878, -0.010290211682659953, 0.015815491617039098, 1.847946004800984, -0.019738450368198174, 0.5531551482585312, 0.2949707146241169, 2.5300297138255337, 0.5504684464016747, 0.06607027126470212, -0.014356039250124167, 0.7222765346854663, -0.008164432452975202, 1.803735433291198, 0.27314737230075486, 0.9237814170996191, 1.016389335903729, 2.820667838869688, 1.2011863563036804, 1.2466260566815568, 0.27760581313466165, 1.802135124764604, 0.08392319484729761, 0.940801262923465, -0.002628603698409598, 0.29308261968533106, 0.6331839872642567, -0.22493398420648753, -0.009887975626991905, 0.2407308561118961, -0.0060891072197645744, 0.3791093894158754, 0.7406748181867959, 0.34318735166952613, -0.27436505242858716, 1.763122348690971, 0.4259227046958868, 0.533151709062969, 0.6783008992107842, -0.2781677011309287]
[-0.08778106451214225, 0.44030494366445844, -0.06941936427065827, 0.19579533064286173, -0.1029088492339135, 0.02054739760824237, 0.011659820633762821, 0.08369509873227375, 0.0037200561974053015, 2.393762281029617, 0.4186347120070767, -0.20769425863887356, 0.5929766134425449, -0.23414487500798692, -0.47437059629130596, 0.45171923942564474, 1.9194288032820803, 0.5087421584771006, 0.39711543167024316, 1.131780239499353, -0.08925102690125396, 1.2168235039051951, 0.10172973207287363, 1.5686914317134149, 0.4857837637289502, 0.5275447636279045, -0.7336640499919849, 1.9040574486371094, 0.3820030822579349, 2.8950929678294988, -0.0006174212037652211, 0.1673285623079103, 1.2745994315652283, 0.010812310965676548, -0.0837235758347075, 0.05189509012880171, -0.23238701173825574, 0.056638948975119244, -0.016707476230523283, 0.007124825877124844, 0.06265209188962549, 0.04964178223328641, 0.7296175634480705, -0.013536888634402708, 2.099439485227254, 0.12385962540866095, 0.022409333785510892, 2.176855258679186, 1.6245350525018765, 0.8020402562297123, 0.009443187938009205, -0.007461693492643007, 4.893346150634234, 0.46324146608754907, 0.18954771914841342, 0.4097699247132157, -0.031193289802328404, 0.027170712282279186, -0.06736389931536513, 1.6156306515745487, 0.14335850974516956, -0.011621989941894714, 1.8172449984577825, 0.3714089653974284, -0.08526758633649896, -0.004258589301339417, 0.5614706842376194, -0.022806682617951206, 1.0137234748835753, 0.047418495804215255, 0.8962544986518346, -0.009327429081762931, -0.29656371579680013, -0.001989508735089886, 2.1597353851675396, 0.0017753684365270513, 2.7575417321781726, 1.0540581299854395, 1.6820412013423816, 1.8286146485402925, 0.4018565560670372, 0.08107501554651077, 0.013166863136682753, 3.1424557326811366, -0.0011777466963064681, 1.3411857855018952, 0.9768299338866533, -0.019341480937192373, 0.4103987220348756, -0.0037583328803632004, 0.2894002579287115, 0.015487148810309874, 0.008607778633589561, -0.017256161597833657, 1.311333345878695, 0.039932374104218855, -0.010833331826556741, 0.0806575036677419, -0.2975484316872054, 0.0944868651413414, 0.0030887694246408536, 2.2619780304998254, 1.8255497540228478, 0.005260392593200382, 0.022205523168241363, 0.010517883532958476, 0.6025920013459932, -0.00647430737780272, 0.6885074933450712, 0.5282671285887336, -0.02909566921617782, -0.7283418430668753, 0.29446203611672567, -0.12056521273444092, -0.01410871795304769, -0.02148485178789592, -0.09953015010110564, 0.18940644461840286, 0.009315671846546, 0.051598884097586076]
[0.0010510061394283113, 0.5063752659158496, -0.0024642799372294106, 2.881875814813639, 0.24711443521883802, 0.04623926061876425, 0.00797268374658513, 0.15075566569356677, -0.003534019419823816, 0.010161964262207045, 0.5944033823136887, 0.003864364719114647, -0.10445068049418053, 0.2785247268867135, 0.000703984124480737, 0.003193938505899435, -0.029021821463809213, 0.0001863502032408232, 0.16768412202868993, 0.6859941737885414, 0.524098281416744, -0.02361206723624146, -0.009715173708044426, 0.8965705476807146, 0.5009090439268196, 0.31565485280276656, -0.0001294533137259277, -0.025936505998396666, 1.9872132886647835, -0.08251430341476473, 1e-323, 0.45342188703548847, 0.012681278448637222, 1.827663237361443, -0.0002209871280735449, 0.4671638834714756, 0.5982463254357718, 1.2178805579992205, 1.840645049550056, 0.035149086356931494, -0.004361828976540379, 0.007621993398901984, 0.016709757246730045, 0.46978907608281323, 1.5729162768951763, 0.7476339564336026, 1.4607502070437508, 0.00402355379051247, -0.005732976588243939, 0.7956930761862497, -0.02367043166390269, 0.39418008732175, 0.7808491485894676, -0.0020037261553387605, 0.3098216739789368, 0.10060071062018766]
[0.000954663556851779, 0.0016802437524008238, 0.7787260170993767, 0.002195622810710791, 0.5363183888124143, 0.034408729439160506, 0.6267583160060581, 0.7845060060103828, 0.4147617484381351, 1.255256792304058, 0.19856478073880032, -0.034233746080569075, 1.0293938633851474, 0.5760777590588286, 0.23584898830054296, 1.1038732432008087, -0.003874235989231817, 0.04564806815837703, 1.2423939463806477, 1.6757817500158927, -0.049129092026694576, 0.14163590236446838, 0.02151459114388748, 0.013506542918167991, 0.30514362289789876, 0.0418881374673107, 0.02728958769257404, 0.0014240453252272595, -0.0006032829838773982, 1.3357130156635535, 0.516153315000823, 0.7643784836923702, -0.007077138845083036, 1.155053624521862, 0.06140894746899178, 0.04074847574539534, 0.012316961717448149, -0.00355481778470675, -0.0034086796442087024, 0.6825809897656197, 1.4740831442236797, 0.5142731732498753, 1.0431503713539463]
[0.11591281561768033, 0.005153215971638925, 0.10850853781684325, 0.0034617657672587343, 0.00023269652316557088, 0.0007126039366426584, 1.2983841543595611, 0.015472549847481854, 0.17891770201222307, -0.08399021545148311, 0.007555143681491877, -0.009168102945441, -0.006020033811508396, 0.5887405320578902, -0.007709303776347376, -0.00021376430656050438, -0.006478677083814055, 0.7655028175136346, -0.00016241632662328254, -0.001064298327559221, 0.42116028026694313, 0.0031235157025677196, -0.0077800582506558635, 0.017714170737475637, 1.169382169894448, 2.467485507700754, -0.0013249320976695955, 0.0002385631620871187, -0.23373994248223903, 0.0027455752685718593, 0.007490361092290315, -0.005236106211820191, 0.3732263108622318, -0.0011257723969543276, 0.09669002090802473, -0.07483634830127217, 0.00818532099635133, 0.18844567694292835, 0.016407561689699448, 0.0002063229623370244, 1.512236072801001, 0.4379617954401006, -0.010044414173780348, 1.7396356202777359, -0.003680334755051917, 0.023129688501935353, 0.1980459846836462, -0.0473579433975464, 0.4475443939498044, 0.002776610130063195, 2.42034078137987, 0.015090770443315832, 0.0017308847508737124, 0.025724803190687456, 0.006370609081849887, 0.019055121303980765, 0.10421191377805408, -0.00928688846774034, 3.9264541461435867, 0.8002556900724735, 0.43091327031048443, 0.001898816043553797, 0.9745135867479819, 0.017378182734250458, -0.011834787943982183, 0.024710012596807468, -0.003573966982028609, 0.20633154744780505, 0.008422816459252275, 0.9720880774732049, -0.0030446996604799412, 0.0007884229479154792, -0.0006736657087983433, 0.048691781443029186, -0.0009970710886970525, 0.4742628401271385, 0.3693090980997116, 0.06900117635889685, 0.0010905294044331049, 0.012049215133654118]
[1.4526367233305424, 1.9683760214808654, 0.7110246370279786, -0.0011562829044660205, 2.0404715139754614e-09, 0.24529671442218434, 0.13469205418446123, -0.006123807759151627, -0.0013937196575844418, 1.5946523588674946, -0.29986666416889174, 0.00631425778047316, 0.40910606457096504, -0.02916837767789865, -0.01752018461049364, 0.44100225403747073, -0.003190031989069124, -0.3057891968052096, 1.9705829172491622, 1.7684601885914906, 0.005523531987726599, 0.3515256052197385, 0.245827320138267, 0.945090083543072, 1.1167139912077948, 1.5264402853188836, 0.0009450461786474647, 0.6650104823094051, 1.557184130285038, -0.0037705438484748662, -0.00038832060576609597, -0.06238293256080674, -0.005656710153001889, 0.00235142512423985, -0.004273448236626113, 1.511462914803557, 0.0030612230184857954, 0.02116580512122284, -0.20599526719105307, 0.19091261502375384, -0.00854759876244567, 0.8045149189482814, 0.10593525522064406, 0.13853218508523626, 0.003562576976894167, 0.0009259074356188227, 1.1339780233102439]
[1.185039166574677, 1.151746267347734, 0.7224388386675012, 0.20603999229823053, 0.004210157651685503, -0.0012135668328397409, -0.001023615297214342, 0.03402753425286972, -0.07373867611791496, 1.0281726687403918, 0.7297558332014623, 0.5024940668282172, 0.013229704166603302, -0.058271622782494197, -0.05473675416781931, 0.4585533421650059, 1.503914314032613, -0.05236063778239547, 0.014897099098930361, -0.011290727950059198, -0.055492211164068383, 0.2942605949544882, 3.0585708663260154, -0.07625205019932585, 0.11832940535283476, 2.116984716878893, 0.0003805172859883403, 2.4484394588938305, 0.9949691151597141, 8.111020135962146, 0.3008830317651151, -0.007678392929225786, 1.3388927571665572, 0.010269493718914752, 0.009509779508622224, 0.14231633317989875, 0.04714726425370821, -0.05144410855652065, 1.6525862452728408, 0.0008909621731617579, 2.2020628429648754, 1.192296379378278, 1.4126834118009246, 0.01477163001043888, 0.3327027723550358, -0.0013688837661966688, 3.2866392011493195, 2.0556850488352207, 0.02452145703117542, 0.8197354956054073, 1.1333869003384276, -0.0019235040688385663, 1.0649842575787258, 0.4512016976360982, 0.38486728435072814, 0.31725301381348797, 0.7215088025610006, -0.0011136897806368617, 1.8557493028576661, 0.0060752713951285064, 0.8714279036873982, 0.379853972943036, 0.12413220229109592, 0.7855426951695683, 0.010000762069771657, 1.683345419474143, 0.3101467227692686, 0.9028739459196987, 0.11339711058307603, -0.00663144822728221, -0.013444353454562708, 0.8738556847998539, 0.015414517304415861, 0.480190551563305, 0.5791063727925236, 0.686501359575044, 0.7163366316913725, -0.014605021849417976, 0.007398597193975426, 0.008929736448726994, 0.00159466129564656, 1.190476197808258, 0.0005557675258297812, -0.004296969522791712, 0.07038407581789996, -0.008672809801208992, 0.0032546390317958196, 0.7857295049007741, 0.7260196453104332, 0.016747789968055482, 1.048214648748413, 0.6868308091495948, 0.06095980998876968, -0.01037918304296182, 0.0039548870699814, 0.6771161612270515, -0.0006270411546381305, -0.015031634567021612, 0.03114178391877151, 0.5896215434226028, -0.002211145938331549, 1.6410319015181474]
[-0.0027760309222186015, -0.012285670173146373, 0.6677507000307782, 0.02057337259128449, -0.017691869837472177, -0.02666296013519156, 0.0011818107675489054, -0.011083138866737908, -0.007535683678381867, -0.2589881047268274, -0.003120501796249755, 0.3798233432487578, 0.02327453101260465, 0.00793816006543512, 1.0076108030309032, 0.3106512802481293, 0.11247826740819813, -0.008453475277794466, 0.07309984069643741, 1.1303676346230689, 0.04899963805884948, -0.08365762381135547, -0.005932276689904558, -0.0004091744952972281, 0.6075714431822474, 0.3133878176929359, 0.48256036527253204, -0.024199256203168134, -0.09982497374836967, 1.4343160591195672, 0.002289482418209016, -0.012058759227985825, -0.000637809086599328, 0.003806880434613184, 2.469719980961731, 0.020738636840017158, 0.333121680648699, -0.0057945116283747294, 0.12131653022752664, 0.054263075521928356, 0.07617473744444835, 0.22952937259831305, -0.022210413403423727, 0.017081806210607474, 0.006765677469189093, 0.08360875106028766, 0.06960821017226515, -0.0033812201532765164, 0.4126756565067915, 0.001555427390268026, 0.7479622808083, -0.020475808398772548, 0.009026881158021943, -0.0004992868372322826, 0.04336762831960162, -0.013964636192557889, 0.01681169222354082, -0.01774542723594664, -0.015598224643992745, 0.002388708177956184, 0.00843338679131905, 0.0018050635155490438, 1.2957137504075789, 0.011320037004959975, 0.2601910726204425, 0.8994836810465067, 0.1883000054986214, 0.3853240765904732, -0.00011792801344142358, 0.13131021782901092, 0.502311394449448, 0.0025333304296191934, 1.6430319049742792e-08, 0.012770719332076809, 0.017152026594521166, 0.13763528183380672, -0.02437612217807332, 0.015122279949254967, 0.14819395927141682, 0.012114522886574088, -0.013421162468669742, -0.005103719724479618, 0.006068121002804624, -0.004409470283048257, -0.0210223276207565, -0.0021392950291952515, -0.007261234181545369, 0.20870366084458605, 0.11311051637182733, 0.005604321701388485, -0.009381232080314517, -0.001066017245728071, -0.0038324766660983475, 0.001028676059508143]
[-0.0003562977888801333, 0.3053248059736675, 0.24845378063450638, -0.06377942638132511, -0.00073584851861902, -0.003455544556823731, 0.035186758325572554, 0.16487013226447939, 1.2004494607959124, -0.001369315891751266, 0.8940635185276719, -0.14282597250799028, 0.15644654485123727, 0.4292136492206988, -0.030631109306566484, 0.3168972492280706, -0.5029844485295694, 0.15788207690883677, -4.9660203673196346e-05, 0.0739599211555329, 0.7473458537625054, 1.1204980870069656, 0.003561536117950348, 2.642106447081784, 0.14591624935177513, 0.961876482642445, 0.016081632370419346, -0.00048556902119521446, 0.10321207774573257, 0.059170379619430585, 0.050488031069203076, 0.0209621982179633, -0.007513450076781666, 2.982061841840484, 0.34184363738328677, -0.19984885273649994, -0.12848594332862923, 0.016994711542712843, 3.278256754670956, 0.635988591045787, 9.034301883412144e-05, 0.2796097285932872, -0.0011422890617040493, 0.8646364375985993, 0.012572652864337508, -0.13536082244787528, 0.17219384878048835, 1.0081849283110902, 0.19995214071493378, 0.06668164526848833, -0.05581446387267119, 0.6702114514139625, -0.003040129561092453, 0.17264769434538796, 0.02229273240846688, -0.008616380633577447, 1.6510802430542952, 1.0635428557055224, 0.1393186099514031, 0.09851981896185577, 0.35099333535681254, 0.03713942531398742, 0.002907078281928016, -0.02261048700903584, 0.46869617487410487, -0.01857708092733501, 0.3633237761588342, -0.03860485203620373, -0.011754159782511653, 0.12665235543435638, 0.13963197524026405, 0.01269104558856382, 0.029506956110055882, 0.13807564860172172, -0.024026696355961052, -0.00012199906141768802, 0.06840286251408462, 0.006471273930948707, 0.009798693850663731, 0.2023287797681615, 1.019470250280272, 1.1749701535277577, 0.10717687131396894, 1.936237201429544, 1.1042977014053523, 0.08178124440347076, 2.210945173419007, 0.720162992101037, 0.21990733776411958, -0.0028620488300844515, 0.29727667881836917, 1.3323983641698025, 1.6743465629813354, -0.007078078097755125, 0.04582580247892429, 0.7040026549917141]
[0.2948844338133098, 0.3674915810859902, 0.0001530554798089143, 0.0071097162843423095, 0.2718320398871241, -0.257682016390285, -0.3458146670475814, -0.22199106622360387, 0.8073281084326377, -0.17962217654832738, 1.959312887342474, 2.9117838636367885, 0.08440268876972809, 0.632208948943207, 0.9042917550927779, 0.0012663897449620852, 0.35125727021411296, 1.1896810440023093, -0.0016863643096719208, 0.06095680249733262, 0.20397672113513343, -0.06898298404333976, 1.0713753159810548, 0.24683609692405653, 0.295956544914519, 0.10202350582586904, -0.007300476733297772, 0.06375417570807546, 0.465779369249677, 1.974736149017988, 0.5404485371796015, 0.5228698295158051, -0.060863050368735884, 0.31198241621069783, 1.0679514833078756, -0.10729931305710941, 2.3198698602728305, 0.11487063190581653, 2.454405920841358, 1.7287361094773546, 0.15608364775539596, 0.15482824651393506, 0.6617461654001938, 0.0024202081815232, 0.1290101027337781, -0.003784684298057918, 0.0001857271975426253, -0.0033379612063745095, 1.0372447456397682, -0.24499869720736075, -0.0024137521719688935, -0.0016624151599413466, 0.5778950851160626, -0.223757457393053, 0.0008337760874889752, 0.9737424980269835, 1.0339357783084875, 0.1055331267022242, 0.06513949419399127, -0.5220668958903957, 1.58914087507868, 0.6828424027703136, 1.180044553121325, 0.6522116154666595, 0.003927681299951678, 1.7929106199948177, -0.010872176684908245, -0.018079922732419245, -0.47500212025565924, 0.12919818482982778, -0.004786946681747199, -0.06276667119350127, -0.001151143048924688, 0.00037590359842354235, 0.00044415917160067406, 0.0249001064941666, -0.01840478375730428, 1.3033563400790038, 1.7421388242563849, -0.0012566936691002877, 0.0076857334266168245, 0.6828499120375524, -0.010771960805931376, -0.10809165204870896, 0.47229661749789237, 0.007020589449927054, 0.0012698838462790374, -0.011717867277035433, 1.1382942341042963, 0.7593329286569689, 3.1089102487116866, 0.2633623276615786, 0.10409150553313229, 0.6032175176189503, 0.07050673697269591, 1.7262892607592952, 0.016085689653324974, 0.02438532653988062, 0.010787723284605113, -0.008527578268522878, -0.008140129295565356, -0.01647009357550905, 0.9985670860443032, 0.0028992494732268653, 0.3777702337074681, -0.008991467131982277, 0.43707784001495487, 1.2041384487456028, 0.6065003995371292, 0.003886944742010599, 2.448313430873188]
[0.7224596490516615, 2.1761528136841655, 2.36715264913035, 0.3680802870948245, 0.006191937932639419, 0.05203712282690393, -0.00017535687102604447, -0.24284190220580432, 0.0701959002002001, 1.2042630887273256, 0.4826773773120197, 1.4475589762645484, 0.01585405834729504, 0.24045425579251611, 1.4551366105092323, 0.46308707022915996, 0.4449276450616121, 0.9674812116119434, 0.3321909427767053, 1.7545788079883302, 0.20921398532847416, -0.11215124976094036, 0.11743277271463663, 0.2672417180543743, -0.07944449408929552, -0.47500639940118816, -0.016815616212060264, 0.372924656739849, 0.32522786394994246, -0.0058020144598002164, 1.7895865335483772, 0.5346637997945273, 0.3837510140166915, 0.3694165539000782, 0.02880576613612154, 0.03151337209315919, -0.26482843220954855, 0.6014398580254681, 1.2410980088273587, -0.5062419828189262, 0.006167899994667826, 0.8497426716993509, -0.29301931218876215, 0.1765626176658292, 0.5801871624696553, -0.01051721245317743, 0.6840915747026184, 1.7098599545767925, 0.6840139620164591, 0.44152322701162844, -0.003037016312792684, 1.8262295538751239, 0.7659129431497078, -0.35602627389623304, 0.4622100547482879, 0.013284022347367728, 2.035436627364144, 0.20495941215104005, 1.2906891195522412, -0.019554427235445367, 0.2033063360035049, -0.16397910947022717, -0.06880744536783301, 1.0609738419776338, 2.5909962776893143, 3.442202064527532, 0.10638956993081443, 0.029472922533614932, 0.2441824408455288, 1.7276549800631826, -0.006298735864777797, 0.01575326594324535, -0.03416015012146251, 0.8578765648349085, -0.006520872826768606, 1.626135629516499, 1.1590536022609927, 0.024802329056555685, -0.038639831519915555, 1.9412920252094914, 0.8240426784545768, -0.10052005875245879, 0.5307194943423368, 0.546032285025181, -0.12376636757573704, 0.20153305253591552, 0.1710526037657296, 0.06887356858156234, 0.11476354086489884, 0.5800380548743932, -0.00561158989470043, -0.024526560570604525, -0.00023918947194819282, 0.6901139242738423, 0.45452766849902543, 0.1839119941811921, 0.012907384216291534, 0.002915038198523587, -0.012375831675830938, 0.26948960225622254, 0.7523515593261961, 0.2931075102567054, 1.7991513869856288, 1.2998852149903022, 0.05381351697734454, 0.006414306116058027, 0.014435616926438688, -0.011130961643398692, 0.8038340969540844, 1.3437993699324864, -0.07697364102266321, 1.850165061716487, 1.0972203085427445, 0.0012487866715401147, 0.9979636261575792, 2.93004872843673, 3.9215844007697482, 0.024878427515005328, 2.924596074026614, 1.5711524394268286, 0.377792352298099]
[0.8148756606302767, 0.3804580653339578, 0.018788463067048813, 0.5135203307552874, 0.006795076800556937, 0.01888953588944988, 1.134353918703277, 0.7223634751452415, 2.7043653062849073, 0.004687729003669406, 0.15945207185578147, 0.6047197695866855, 0.5767944343997847, 0.11889667203377773, 0.4621110677511606, 0.39237441369167986, 4.549530040788367, 0.44894493566316085, 0.375155357423385, -0.07172337129371753, -0.6065237651784997, 1.8005854593295587, 0.4481852005997203, -0.14571707726400163, 1.9784137825196826, 0.22519861590403353, 0.7770198595474382, 0.5614426195998751, -0.40064165304818256, -0.016892630898315837, 0.39282185463022995, 0.22832997997009352, 0.529544771466802, 3.393361049242906, 0.5224336909082835, 0.14503240540344708, 1.5223438459705652, 0.3541502829458004, 0.12890122880126198, 0.1920833328322867, -0.004492980582501744, -0.01526088848879, -0.11793993035621496, 0.3039365442994588, 0.020399984494447108, 0.093776334412391, -0.09806802711742037, -0.008168902052283567, 1.0650556672966636, 0.24913416980871378, -0.07878211614738491, 1.247069817771594, -0.002708581477834945, 0.5746096347825984, 0.0006623403940911128, 0.8855826447879905, 0.47253456936247284, 0.15609025039346536, 0.34129649743097584, 1.5691146614469833, 0.0026472587290220927, 0.00502317229827364, 0.19431049467325245, 0.2002980327775088, 1.1217537987846824, 0.14080574740802462, 0.5278858481459705, 2.590702037519145, -0.6940712515680605, 4.555829075499067, 0.04649455021826989, 0.2917481623083233, 0.11114859470045255, 0.003723407392424625, -0.04067089126150794, 1.669570598472032, 0.08830143533483412, 0.02938275253086644, 0.3789194862669897, 0.020828298854038817, 0.012451267951645091, 0.4107596455076142, 0.0073122187881791475, 0.2667827880836836, 1.0678919040411397, 0.08972380075742323, 0.17869983634006661, 0.7375471322217099]
[0.23260342154440944, 1.3390260135562857, 0.0003548193909554127, 0.16575133105208076, 0.33439129596369715, 0.3175127396532051, 0.3516493992266341, 0.24428916833099237, 2.2678125032108087, 0.2561641533961244, 0.00033041990323074344, 0.24320571940297273, 0.5098735536183016, 3.2162371689083025, 3.847723592808756, 1.1513400447986775, 0.07551545309579318, 0.13331805510101682, 0.1655392538799114, -0.041209459515465396, 0.3583480975408228, 1.8899314896264146, 1.7736277039901025, 1.2793415792844216, 0.14265351844373664, 0.47886799455126194, 1.3955350615480882, 0.13319422232321557, 0.9665579752093625, -1.544938218757064, 1.705665559323683, 0.657403090383428, 0.13132636726062083, -0.090390266641614, -0.5833155969607864, 0.2085999690927737, 0.5514004017177837, 2.8373720444860755, -0.01840852723418869, 0.8206965993435751, 1.557875787317659, 1.0660967849220213, 0.35874343509260265, 0.5056073068686755, 0.006741070100945533, 1.6101474221265402, 0.8622286455793376, 1.1052076107092286, 0.4705664007733055, -0.157926825794461, 0.5755507957884028, 2.0208165357486885, 1.5551962819626288, 0.15838925421726235, 0.3179150549963065, 0.17279241514424643, 2.19120430110273, 0.960826147702125, 6.974478927054231, 2.227235893945615, 0.46521039057039154, 1.090396920651929, -0.010566666923591324, 0.3168631775339105, 0.04174687848444399, 0.17332581289290305, 0.022281220467976228, 0.3359881329948996, 1.4443733279104225, 0.8469312834223846, 1.400203226525398, 0.033742373241851746, 0.35298747880300074, 0.15575029592292725, 0.24210361037630682, 3.683535976459923, 0.718858432811597, 0.005231054827562208, 0.4321595850122146, -0.49558230303141043, 0.0029263250600553513, 1.2245778568258128, 0.3425776918580904, 0.49940169254889005, 1.399776943854, 0.138535713234136, 0.6072379472356051, -0.0008777464784614236, 0.1646316521307722, 0.020534613465401162, 0.2532716920428111, 0.019996157370460167, 0.6850592649971455, 0.12216101580403341, -0.1494070950987858, 0.6646908712157853, 0.11735268868504689, -0.0066383546433560515, 2.0302348652816895, -0.11023567187058037, 0.43661899535145926, 0.5258675381456328, 0.2600373041365606, 1.1573056901030976, 0.4118420405835106, 0.29035216989594953, 0.08998633360862933, 0.07127123552698435, 0.884670868200064, 0.37810493322976263, 0.08993156147192083, 0.6039614573300384, 0.8092498500946195, 0.9504317838602995, -0.03197721150196304, 1.5103326661661483, 0.024124808208181137, 1.3376836060615012, 0.005188072404586841, 0.023370597289599275, 0.18922902868729777, 0.6807555082327491, -0.012099344458834756, 0.05648325920821215, 1.1457951792414405, -0.04854250016825324, 0.3175031383437395, 0.052414191240529956, 0.08148385526014806, -0.10649412648660259, 0.021089175734015763, 1.6321534225953485, 3.126821485611234, 0.558376811761001, 0.5041447394293463, 0.0800248799566459, 0.18290335220613546, 0.12404658510279984, 0.44592015081625197, -0.0035652237723917735, 0.522418692830933, 0.1693668202876538, 0.061009016030543914, -0.004240733516627779, 0.8402261149841186, 1.7593141113535846, 0.011116876451258077, 1.5017018269856575]
[-0.00012836898125629528, 0.0031198559284760052, 0.0026386048229273713, -0.00045402396393494766, 0.001886251682927946, 0.14932851330546207, 0.21759641669429078, 0.2764293438285785, -0.028796890269868185, -0.10625703307823078, 0.04634079162951232, -0.014389215573774677, 0.04923021214297119, 0.00041718938059057185, 0.514365783504266, -0.002288719298796739, 6.336975318480592, 0.693935906957539, 0.08534175387257505, 0.05771090845929819, 0.054683638900330477, -0.0033371935642026473, 1.7801367056574537, -0.0026413049399713665, 0.2491886454789428, 0.11872218861950126, 0.6209690246507712, 0.004393413679034588, 1.6180109394742408, 0.34792697818520446, 0.017713524452998803, -0.003230620896667363, 0.0011408205923567952, 0.42742122298999824, -0.05206356234841661, -0.10161369157451916, 0.8544127888345502, 0.7376311568926526, 0.049660862315907515, 1.6246181482447064, -0.001020041107810296, -0.0021552769491110695, 1.964161530376863, 2.6812812607763837e-05, 3.9295086994714343, -0.003750051608556784, 0.8190381367145286, 1.0982518625865128, 0.14484008233386253, 0.011546101944212699, 0.18653170818531037, 0.5135209538950026, 0.5803831129983483, 1.9358199044497435, 0.009718558683362355, 0.2797183901225528, -0.0015912347520307157, -0.0010762626101552173, 0.18549377731713604, 0.004219252641349715, 0.6043013898994104, 2.963376671683459, -0.0020407613522619586, 2.286909014152353, -0.0038899877620554774, 0.003921059487833987, -0.006563381368905559, -0.006565630400763481, -0.0019998454872795293, -0.0018021309558690843, 0.013974896384085068, 0.3178328170347621, 0.016439890919088044, 0.011846890719152126]
[-0.03518664253395182, 1.0721806301489343, 0.022660315609555618, 2.696308762064697, 0.8590501160017162, 0.4257562315902945, 0.524987342931314, -0.06427860370616766, 0.7565638978281065, -0.013560425786448364, 0.004583333162143941, 0.2448480619826404, 0.6403631619363606, 0.31460012699293494, 0.029789855619712396, 0.15411843617437565, 0.06099777203986713, 0.08338521418612072, -0.12896269294515245, 0.2001087467241948, 0.38138724037177973, 0.07710012431598054, 2.1586658381644632, 0.15518887453997837, 3.2812341346306093, 0.8182331689037425, -0.5404517064026754, -0.018095071269086216, -0.013511537223800586, 1.4757984268678128, -0.01363697055587479, -0.03865063949108826, 0.21143947024106674, 0.25688140324525577, 1.9306233387909109, -0.017680376519901342, 0.7121471482156926, 0.881437119370113, 0.5592440260985383, 1.6990076362916384, 0.17571581446188628, 0.353061094125715, 0.04259880735695967, 0.697276957635754, 0.423131597659863, 0.5695627838308484, 4.309498524789038e-05, 0.6977619450916057, 0.34390165364472985, 0.7834980156752782, 0.1355921376590399, 0.1466529198692564, -0.00864259207165371, 0.026762424860078727, 0.1143944867293005, 0.12687794822441056, 1.21377421823852, 0.009484419550361242, 0.6129762293565941, 0.031149058997917412, 1.2481196517085837, 0.3868584364175133, 0.881730942966252, 0.9529558256856199, 0.10635896838664281, 0.4842701000412014, -0.03016256716168371, 0.48813829336310605, 0.437527706119731, -0.020023189696097638, -0.0029720093937046807, 0.8574311736656929, 0.02647796755103435, -0.09002629065436657, 0.078040808442607, -0.6812293232748576, -0.001803100903929253, 0.0832783535809211, 0.2970230530092654, -0.6657062685385704, -0.04330858434594267, 0.11793863641773637, -0.010943713852165948, 1.5472695181198088, 0.6690377990006522, -0.04000181674685884, -0.07942067671728734, 0.20853241261408115, 0.22632345657070657, 0.48450985185166306, 1.6488740994600388, 0.3919517191937291, 0.45995588766033824, 0.4149863498084763, 0.3037518016545244, 0.1388173462741478, 0.5276037643236693, 0.5109443418631321, 0.02442819757922445, 0.2208694296592757, -0.009711852169668163, 0.532333577603612, -0.02806528719404776, -0.010421933454261317, 3.433503735279304, 0.1291705274864366, 0.10698881355517467, 0.09942516124219322, -0.016593205377356316, 0.07823521256702594, 0.44408568183550906]
[-0.017433228615038977, -0.004974426876317196, 0.00240722087172197, 0.006069309306220787, 0.04934901826914584, 1.5831228832586708, -0.028817277574402705, -0.07454449709934863, 0.7505039862083358, 1.075311089346161, 1.2976807197992317, 0.12371641277380013, 1.267294432818453, 0.19252921205652104, 0.019225025881942952, 1.203966152536456, 0.007526673731816911, 1.2748399972581024, -0.01566008104881668, 0.29973965517503154, 0.15419875974398273, -0.08539371592743682, 0.9576335523948576, 0.23402294590903636, -0.03039186041969171, 0.4956254160444141, 0.0006489562292531149, 0.06715827645340684, 0.0002009315659090849, 1.1589623747150153, 0.01070986521594259, 0.03513059957825605, -0.007730384841249294, -0.00026825534112895344, 1.3646204897550713, -0.00445909714387014, 1.8600870406692411, -0.004751032050964381, 0.16851511487902707, 0.017175334574580575, -0.001717226455397744, 0.2572077263476012, 0.14208259555526337, 0.4082905829892983, 0.020254802212755746, -0.013880666127858836, 0.5223554894576524, 0.03908591348774931, 0.013433972150964407, 1.4083927050152494, 0.043000533840900135, 0.00777114774455147, 0.004539892249471545, -0.04071552223660995, 0.9063526531183398, 0.3076602933139911, -0.2673615523500881, -0.06740603197549985, 1.288027358649481, 0.6635108223417547, 1.4855609817162232]
[0.5867439217153027, 0.03872877947469275, 0.29183365516657855, -0.11937169722613723, 0.3316866738577523, 1.406230479634102, 0.5073231227797558, 0.3823163328987393, 1.8488334972810418, 0.3032374798415532, 0.1791000275288146, 1.1662097740493034, 2.22972551974542, 0.05013524023622598, -0.0019267665228188062, 1.0199272815418945, 1.3411962189680235, 2.992891800378889, 1.2732958799161231, 0.9047607101032458, -0.1398272246220749, 1.2957374646834505, 2.8887622385763603, -0.05094287904669334, 0.5073651571206691]
[0.005342552055584571, 2.0398987908018826, -0.011476708472117843, -0.21474935136208523, 0.5578074249204172, 1.8856774196135033, 4.371161396020571, 0.9257004189524976, 2.1038133503649004, -0.17967363589527843, 0.15006586462795066, 0.20424443152123628, 0.5503996168650156, 0.7611111342655429, 1.8249259553565342, 1.5047474989000074, 0.5105309405218819, 1.740807974461484, 0.9216240479839127, 0.06756680640462359, 2.590543068793029, 1.534744741786428, 1.564116090098307, 2.415170667948052, -0.024415509704321037, 0.00872375022643146, 0.0119934468439614, 2.080622325645222, 0.1934601171902086, 0.08907752968784625, 0.9137250759552498, 1.5647191666900064, 0.4236370158499495, -0.003376204189832014, 3.8049548173850676, 0.3786454654243412, 0.0016821655851580878, 2.3059021620136075, 0.015441609086953894, -0.0013792621139178745, 1.412924702723609, 0.013459371198663653, 0.6689697605151719, 1.135249403496544, 0.8134185531863475, 0.16234363328431767, 0.9114413982251969, -0.0055568003335559404, 0.16137842262734764, -0.00041523668927919853, 0.6234603943834931, -0.011626348674992399, 0.04661849746767204, -0.004579172289392149, -0.09132360297341202, 0.4210595139354154, 2.943384040691448, 0.009863113256517791, 1.010800289274687, 0.6319316351028339, 0.9028497900543953, 0.07041175145724403, 0.4474514290753146, 0.13153229709664352, 0.12991136472382864, 1.4964301159473303, -0.0814252309154015, 0.5089476193134856, 0.014152998300451662, 0.013820002044952973, 0.09482439662224344, 1.1074812447648688, 0.16462669513165876]
[-0.004943960934277062, 0.001502832234392381, 0.0013665552944732424, 0.004978924914798003, -0.008989690738703635, 0.8022085483888075, 0.39975517005443323, 0.9454317322841038, 1.0694693004933262, 0.19690506076146602, 0.05679050966662835, -0.11623094132100865, -0.49115587310990555, 0.35241009111548866, 0.008520591834895343, -0.01494794945505844, 0.022840242140494408, 0.19167081426646204, -0.0035005900260366186, 0.24676523969245928, -0.021260780318738032, 1.0581650683023813, 0.0013638884263150503, 0.29195351118879875, 1.6302337462311447, -0.011922314283644953, 0.002875616737213016, 1.5538119526417147, 1.5766521949816121, 6.75005634845723, 1.245246002986104, 1.254746065681945, -0.09520671773600234, 2.8155424381863003, 0.03373863773412654, 0.24580670713490363, 0.001415768414552543, 0.31741851588954484, 0.40593413684932234, -0.19445222183599284, 1.2148061063007456]
[0.0019095276940554302, -0.004838493700982714, 0.0013063370055002713, 0.8327952779768801, -0.0013870709999440935, 0.5921668237028022, -0.24972438566135322, 0.004008693007745625, -0.056863965260454834, 0.26582782594664417, 1.4696082996901103, -0.0016344822114806744, 0.12085802652085176, -0.0001215361183991015, 0.006663628713849441, 0.00035052103047038697, -0.3664520298308416, 1.071240230183653, 1.0951114659714594, 1.9282870168779818, 2.7357526534608017, 0.41512419561704716, 0.0029407019054744888, 0.037889578953742016, 1.351787971968829, 0.05580512903515965, 1.3703986284188268, 2.702686098367399, 0.008522298676908341, 2.451458314802774, 0.1821404165072912, -0.012236764123917289, -0.014572541562852613, 0.5604512364524227, 0.002828680970634424, -0.0068719922834780105, 1.6080704422156589, -0.009839264773821108, 0.1153368321922561, 1.1494799190283185, -0.012966231940772809, 0.7732944195547029, -0.07735483104660237, 0.15598599906994523, 0.003674036807703618, 0.0036863891019080094, 3.004814045836447, 0.0023976028818017874, 0.012639460813956905, 0.3293144099345674, 0.0007776866188230867, 0.3333712612046731, 1.9737125929933956, 0.3251597067596032, 1.2436714116529375, 3.056430598716493, 0.14692930353102135, 0.6051969932075606, 0.001200207382545336, 0.006006508037197798, 3.003496857800449, 1.4599342891950613, 0.42242030868108105, 2.0530674027259956, 0.5127262190099765, 0.657782127430611, 0.006283783566593775, 0.29658541232422475, 0.10151734918678328, 0.2132387285121179, 0.0025253995003761045, 1.0511079087855173, 0.05298704419800426, -0.009771693383411684, -0.011362052229477544, 1.0048971585219029, 0.055560129199017344, 0.5878115728088323, -0.32137082648445275]
