,intensity,area,perimeter,label,frame,threshold,background,final_intensity,cells
0,112809.78125,731.0,306.43210322896607,0.0,0.0,91.1470947265625,15276.49568939209,97533.28556060792,1
1,50930.8359375,327.0,121.37472943125206,1.0,0.0,91.1470947265625,6833.671806335449,44097.16413116455,1
2,59177.82421875,376.0,158.32113967656645,2.0,0.0,91.1470947265625,7857.677673339844,51320.14654541016,1
3,227829.4375,1414.0,480.2638649429881,3.0,0.0,91.1470947265625,29549.88359069824,198279.55390930176,1
4,297293.40625,1753.0,556.5918164160066,4.0,0.0,91.1470947265625,36634.332344055176,260659.0739059448,1
5,139523.5,857.0,256.29179719028974,5.0,0.0,91.1470947265625,17909.653633117676,121613.84636688232,1
6,125910.84375,795.0,235.3950210668836,6.0,0.0,91.1470947265625,16613.97274017334,109296.87100982666,1
7,49253.046875,314.0,115.9164105335686,7.0,0.0,91.1470947265625,6561.996780395508,42691.05009460449,1
8,46982.53515625,305.0,108.75254228797708,8.0,0.0,91.1470947265625,6373.9140701293945,40608.621086120605,1
9,98632.4609375,659.0,298.482836819977,0.0,1.0,91.1470947265625,13467.799667358398,85164.6612701416,1
10,197045.03125,1293.0,479.938542371846,1.0,1.0,91.1470947265625,26424.68128967285,170620.34996032715,1
11,54646.5390625,348.0,128.2296233885186,2.0,1.0,91.1470947265625,7111.979187011719,47534.55987548828,1
12,242924.5,1540.0,451.9404862122285,3.0,1.0,91.1470947265625,31472.55157470703,211451.94842529297,1
13,283667.4375,1858.0,573.338335606762,4.0,1.0,91.1470947265625,37971.429107666016,245696.008392334,1
14,46555.1640625,308.0,133.11623363611514,5.0,1.0,91.1470947265625,6294.510314941406,40260.653747558594,1
15,83207.1953125,545.0,211.4914053110009,0.0,2.0,91.1470947265625,10852.111043930054,72355.08426856995,1
16,197527.0,1254.0,446.6496169012925,1.0,2.0,91.1470947265625,24969.81146621704,172557.18853378296,1
17,285770.09375,1715.0,520.8514116802462,2.0,2.0,91.1470947265625,34149.30356025696,251620.79018974304,1
18,337938.375,2182.0,667.8584261785707,3.0,2.0,91.1470947265625,43448.268436431885,294490.1065635681,1
19,99053.65625,632.0,246.0258045372072,4.0,2.0,91.1470947265625,12584.466384887695,86469.1898651123,1
20,65920.09375,443.0,181.899432861307,0.0,3.0,91.1470947265625,8953.02621459961,56967.06753540039,1
21,63303.203125,416.0,182.4547932285768,1.0,3.0,91.1470947265625,8407.3564453125,54895.8466796875,1
22,67995.3984375,453.0,183.52604571701767,2.0,3.0,91.1470947265625,9155.12612915039,58840.27230834961,1
23,96151.734375,654.0,266.2651638378645,3.0,3.0,91.1470947265625,13217.334411621094,82934.3999633789,1
24,221332.34375,1507.0,500.1846733529677,4.0,3.0,91.1470947265625,30456.45712280273,190875.88662719727,1
25,289379.9375,2005.0,653.110082341231,5.0,3.0,91.1470947265625,40521.03286743164,248858.9046325684,1
26,94179.875,635.0,251.6188764560037,6.0,3.0,91.1470947265625,12833.34457397461,81346.53042602539,1
27,57248.06640625,389.0,161.13740975901408,0.0,4.0,91.1470947265625,7935.67924118042,49312.38716506958,1
28,81647.71875,541.0,227.7710772290368,1.0,4.0,91.1470947265625,11036.510204315186,70611.20854568481,1
29,65228.0390625,435.0,184.40672865542967,2.0,4.0,91.1470947265625,8874.088611602783,56353.95045089722,1
30,224220.5625,1491.0,549.0073408242583,3.0,4.0,91.1470947265625,30416.70372390747,193803.85877609253,1
31,61524.02734375,396.0,177.89350555212243,4.0,4.0,91.1470947265625,8078.480667114258,53445.54667663574,1
32,78488.171875,504.0,181.15350294400827,5.0,4.0,91.1470947265625,10281.702667236328,68206.46920776367,1
33,149303.71875,963.0,298.5223050660757,6.0,4.0,91.1470947265625,19645.396167755127,129658.32258224487,1
0,25447.4921875,414.0,192.7766024105753,1.0,0.0,39.75000381469727,6105.757341384888,19341.734846115112,2
1,33877.93359375,581.0,217.8304071470963,5.0,0.0,39.75000381469727,8568.707766532898,25309.225827217106,2
2,28929.40234375,423.0,144.27925751042687,1.0,1.0,39.75000381469727,5944.881088256836,22984.521255493164,2
3,28929.70703125,452.0,171.40340241209674,5.0,1.0,39.75000381469727,6352.449768066406,22577.2572631836,2
4,22717.0546875,352.0,114.86150632794484,7.0,1.0,39.75000381469727,4947.04052734375,17770.01416015625,2
5,33852.984375,531.0,205.3593213077516,11.0,1.0,39.75000381469727,7462.723068237305,26390.26130676269,2
6,20331.45703125,309.0,142.74792942973065,0.0,2.0,39.75000381469727,4375.489459991455,15955.967571258543,2
7,39310.08984375,640.0,233.36414914783344,2.0,2.0,39.75000381469727,9062.50244140625,30247.58740234375,2
8,48085.7421875,767.0,256.0386394308805,4.0,2.0,39.75000381469727,10860.842769622805,37224.8994178772,2
9,46678.28515625,719.0,276.895947308188,0.0,3.0,39.75000381469727,9928.41799068451,36749.86716556549,2
10,20497.91796875,317.0,133.3068031861441,2.0,4.0,39.75000381469727,4382.313621520996,16115.604347229004,2
0,26613.5078125,523.0,208.7704200035677,0.0,0.0,31.78054618835449,6129.819002151489,20483.68881034851,3
1,19452.26171875,382.0,133.49737273617308,3.0,0.0,31.78054618835449,4477.229175567627,14975.032543182371,3
2,23194.94140625,435.0,144.77880134878083,0.0,1.0,31.78054618835449,4818.30153465271,18376.63987159729,3
3,36232.69921875,692.0,282.9885630653386,0.0,2.0,31.78054618835449,7461.332458496094,28771.366760253903,3
4,16159.73828125,306.0,138.11447694154327,0.0,3.0,31.78054618835449,3240.722436904907,12919.015844345093,3
5,16720.451171875,309.0,130.5300013497951,1.0,3.0,31.78054618835449,3272.494225502014,13447.956946372986,3
6,18537.87890625,333.0,134.28277089957052,0.0,4.0,31.78054618835449,3628.47149848938,14909.40740776062,3
7,42551.140625,836.0,295.4201806585846,1.0,4.0,31.78054618835449,9109.31583404541,33441.82479095459,3
0,42723.75,341.0,140.16169714341063,0.0,0.0,73.93888854980469,4946.393656730652,37777.35634326935,4
1,64472.84375,529.0,207.44600975571765,1.0,0.0,73.93888854980469,7673.437666893005,56799.406083107,4
2,45906.1015625,359.0,152.8233525327843,2.0,0.0,73.93888854980469,5207.493615150452,40698.60794734955,4
3,93066.5,741.0,282.9885630653386,3.0,0.0,73.93888854980469,10748.614954948423,82317.88504505157,4
4,84786.5234375,648.0,280.9182229001898,4.0,0.0,73.93888854980469,9399.598503112791,75386.9249343872,4
5,55900.02734375,441.0,182.5500780035913,7.0,0.0,73.93888854980469,6396.948981285095,49503.078362464905,4
6,41645.99609375,342.0,150.9830501637631,0.0,1.0,73.93888854980469,4541.119337081909,37104.87675666809,4
7,74106.0,592.0,251.2309656754814,1.0,1.0,73.93888854980469,7860.651016235352,66245.34898376465,4
8,39555.0,310.0,118.5584593488044,2.0,1.0,73.93888854980469,4116.219282150269,35438.78071784973,4
9,54437.2578125,442.0,211.54722183991672,3.0,1.0,73.93888854980469,5868.932008743286,48568.32580375672,4
10,65832.765625,515.0,204.78761265766468,4.0,1.0,73.93888854980469,6838.235259056091,58994.53036594391,4
11,59564.8359375,456.0,184.59729820545863,5.0,1.0,73.93888854980469,6054.825782775879,53510.01015472412,4
12,154640.6875,1195.0,396.3976778047845,6.0,1.0,73.93888854980469,15867.361426353456,138773.32607364657,4
13,66653.078125,519.0,194.403215266286,0.0,2.0,73.93888854980469,6674.893678665161,59978.18444633484,4
14,47780.5390625,385.0,155.96494518637408,1.0,2.0,73.93888854980469,4951.510725021362,42829.02833747864,4
15,40687.0546875,313.0,141.3118861240489,2.0,2.0,73.93888854980469,4025.513914108277,36661.54077339172,4
16,97555.1015625,762.0,322.6559586180861,3.0,2.0,73.93888854980469,9800.132915496826,87754.96864700317,4
17,127893.5859375,947.0,341.1407237223841,4.0,2.0,73.93888854980469,12179.430276870728,115714.15566062929,4
18,105274.0234375,830.0,332.8593630617886,0.0,3.0,73.93888854980469,10501.234760284424,94772.78867721558,4
19,94764.59375,731.0,337.9596628226956,1.0,3.0,73.93888854980469,9248.677843093872,85515.91590690613,4
20,186901.34375,1411.0,567.1109668284984,2.0,3.0,73.93888854980469,17852.09909248352,169049.24465751648,4
21,69156.578125,542.0,225.10590845051945,0.0,4.0,73.93888854980469,6721.677991867065,62434.900133132935,4
22,44239.5859375,358.0,164.56485673764735,1.0,4.0,73.93888854980469,4439.7799282073975,39799.8060092926,4
23,73579.46875,553.0,264.44798143212483,2.0,4.0,73.93888854980469,6858.095810890198,66721.3729391098,4
24,42959.16796875,319.0,186.4376005744799,3.0,4.0,73.93888854980469,3956.116751670837,39003.05121707916,4
25,64038.62890625,475.0,183.9303047803573,4.0,4.0,73.93888854980469,5890.769457817078,58147.85944843292,4
0,34270.359375,333.0,137.154857510934,0.0,0.0,67.14580535888672,5253.488671302795,29016.870703697205,5
1,31423.419921875,327.0,134.93341604185483,1.0,0.0,67.14580535888672,5158.831217765808,26264.588704109192,5
2,118496.1875,1084.0,409.4010040481175,2.0,0.0,67.14580535888672,17101.446605682373,101394.74089431764,5
3,62673.24609375,558.0,223.53511212372456,3.0,0.0,67.14580535888672,8803.14317893982,53870.10291481018,5
4,51499.1640625,443.0,171.9751110621837,5.0,0.0,67.14580535888672,6988.875319480896,44510.288743019104,5
5,35407.390625,303.0,138.59090081661574,6.0,0.0,67.14580535888672,4780.201403617859,30627.18922138214,5
6,131347.609375,1150.0,376.0957302947469,7.0,0.0,67.14580535888672,18142.67859458924,113204.93078041077,5
7,36692.03125,338.0,123.13609530807597,8.0,0.0,67.14580535888672,5332.369882583618,31359.661367416385,5
8,35867.7734375,314.0,125.22278375604196,0.0,1.0,67.14580535888672,4548.785188674927,31318.98824882508,5
9,157525.71875,1376.0,532.0770237639381,1.0,1.0,67.14580535888672,19933.529998779297,137592.1887512207,5
10,68513.03125,563.0,240.6396504512566,2.0,1.0,67.14580535888672,8155.942870140076,60357.08837985992,5
11,71792.7265625,605.0,228.0174633079816,3.0,1.0,67.14580535888672,8764.379105567932,63028.34745693207,5
12,51518.4921875,425.0,167.76226592015297,4.0,1.0,67.14580535888672,6156.795239448547,45361.69694805145,5
13,163112.5625,1332.0,450.258056827602,5.0,1.0,67.14580535888672,19296.120609283447,143816.44189071655,5
14,84315.8515625,765.0,324.4336727777271,0.0,2.0,67.14580535888672,10785.819611549376,73530.03195095062,5
15,147668.296875,1275.0,524.9526237644453,1.0,2.0,67.14580535888672,17976.366019248962,129691.93085575104,5
16,50310.1953125,414.0,184.59729820545869,2.0,2.0,67.14580535888672,5837.031789779663,44473.16352272034,5
17,282733.90625,2253.0,803.3077343415964,3.0,2.0,67.14580535888672,31765.296189308167,250968.61006069183,5
18,63024.8984375,556.0,223.76514991985223,0.0,3.0,67.14580535888672,7682.293575286865,55342.604862213135,5
19,49907.04296875,410.0,179.3526688210857,1.0,3.0,67.14580535888672,5665.000658035278,44242.04231071472,5
20,63970.359375,540.0,233.2457444095374,2.0,3.0,67.14580535888672,7461.220378875732,56509.13899612427,5
21,116494.875,903.0,333.1683373501136,3.0,3.0,67.14580535888672,12476.818522453308,104018.05647754668,5
22,131320.671875,1096.0,375.7704077236048,4.0,3.0,67.14580535888672,15143.513954162598,116177.1579208374,5
23,43072.4765625,370.0,142.55735987970166,5.0,3.0,67.14580535888672,5112.317667007446,37960.15889549256,5
24,40427.125,359.0,159.35292391890866,0.0,4.0,67.14580535888672,4909.093969345093,35518.03103065491,5
25,44077.41796875,394.0,169.60256828917417,1.0,4.0,67.14580535888672,5387.696445465088,38689.72152328491,5
26,51867.15625,428.0,208.3661609402282,2.0,4.0,67.14580535888672,5852.624565124512,46014.53168487549,5
27,115318.0625,893.0,300.6648100429576,3.0,4.0,67.14580535888672,12211.20031929016,103106.86218070984,5
28,122007.046875,1044.0,396.2071082547556,4.0,4.0,67.14580535888672,14276.028144836426,107731.01873016356,5
29,51394.6796875,438.0,180.28916828841344,5.0,4.0,67.14580535888672,5989.368129730225,45405.311557769775,5
0,44236.76953125,337.0,120.41511000064278,0.0,0.0,72.14807891845703,5296.295722961426,38940.473808288574,6
1,85005.4296875,665.0,217.2750467798265,3.0,0.0,72.14807891845703,10451.147346496582,74554.28234100342,6
2,165517.109375,1237.0,349.0274019219928,6.0,0.0,72.14807891845703,19440.70566558838,146076.40370941162,6
3,48360.9453125,372.0,153.10920685782776,0.0,1.0,72.14807891845703,5531.439514160156,42829.50579833984,6
4,113591.390625,898.0,300.82268302735224,1.0,1.0,72.14807891845703,13352.77603149414,100238.61459350586,6
5,160170.59375,1216.0,441.3655192708209,5.0,1.0,72.14807891845703,18081.2646484375,142089.3291015625,6
6,90235.3984375,730.0,287.9704580879496,2.0,2.0,72.14807891845703,10676.268796920776,79559.12964057922,6
7,112556.234375,896.0,326.0439373506207,5.0,2.0,72.14807891845703,13104.023071289062,99452.21130371094,6
8,108744.78125,866.0,345.36991714723194,4.0,3.0,72.14807891845703,12811.88864517212,95932.89260482788,6
9,56727.59765625,455.0,187.37410004180765,3.0,4.0,72.14807891845703,6519.534230232239,50208.06342601776,6
0,199118.90625,1821.0,549.7138024954584,0.0,0.0,64.93547821044922,30403.518642425537,168715.38760757446,7
1,62124.265625,557.0,175.5373110619301,1.0,0.0,64.93547821044922,9299.703395843506,52824.562229156494,7
2,48361.6484375,455.0,164.20006592040653,2.0,0.0,64.93547821044922,7596.705646514893,40764.94279098511,7
3,80058.3984375,753.0,303.3299788214749,3.0,0.0,64.93547821044922,12572.130443572998,67486.267993927,7
4,70133.140625,627.0,206.6047950634044,7.0,0.0,64.93547821044922,10468.427341461182,59664.71328353882,7
5,87164.109375,815.0,285.3611058383481,8.0,0.0,64.93547821044922,13607.28593826294,73556.82343673706,7
6,84445.515625,822.0,355.2711189830738,9.0,0.0,64.93547821044922,13724.158332824709,70721.3572921753,7
7,184372.609375,1712.0,578.1950542106127,0.0,1.0,64.93547821044922,26425.35256958008,157947.25680541992,7
8,38803.265625,368.0,168.72188535076225,4.0,1.0,64.93547821044922,5680.215972900391,33123.04965209961,7
9,55104.5546875,525.0,201.74130477908932,2.0,1.0,64.93547821044922,8103.568983078003,47000.985704422,7
10,222370.78125,2047.0,634.1421216813962,8.0,1.0,64.93547821044922,31596.201349258423,190774.5799007416,7
11,60633.3515625,565.0,173.54590738897855,0.0,2.0,64.93547821044922,8643.208003044128,51990.14355945587,7
12,80886.890625,761.0,305.9720276367107,2.0,2.0,64.93547821044922,11641.559805870056,69245.33081912994,7
13,41006.40625,401.0,162.1528457185392,3.0,2.0,64.93547821044922,6134.383025169373,34872.02322483063,7
14,60759.07421875,566.0,207.6202310229295,1.0,2.0,64.93547821044922,8658.505716323853,52100.56850242615,7
15,152328.53125,1386.0,434.5895618057517,4.0,2.0,64.93547821044922,21202.630605697632,131125.90064430237,7
16,61127.046875,560.0,188.3731877185156,5.0,2.0,64.93547821044922,8566.719436645508,52560.32743835449,7
17,57798.81640625,507.0,191.66588167603567,6.0,2.0,64.93547821044922,7755.940632820129,50042.87577342987,7
18,40736.265625,359.0,140.3917349395383,7.0,2.0,64.93547821044922,5491.87906742096,35244.38655757904,7
19,60822.5859375,540.0,198.1001682871456,0.0,3.0,64.93547821044922,8024.953937530518,52797.63199996948,7
20,74657.96875,682.0,264.4085131860262,1.0,3.0,64.93547821044922,10135.21960258484,64522.74914741516,7
21,41018.8671875,385.0,159.7571829822482,2.0,3.0,64.93547821044922,5721.494936943054,35297.372250556946,7
22,94375.3828125,870.0,336.10301217085726,3.0,3.0,64.93547821044922,12929.092454910278,81446.29035758972,7
23,72127.0,593.0,169.967359106415,4.0,3.0,64.93547821044922,8812.588305473328,63314.41169452667,7
24,48843.390625,445.0,155.3143000440898,5.0,3.0,64.93547821044922,6613.156485557556,42230.23413944245,7
25,43257.9765625,390.0,149.6817598791945,6.0,3.0,64.93547821044922,5795.800065994263,37462.17649650574,7
26,57247.0625,513.0,197.6400926948903,7.0,3.0,64.93547821044922,7623.706240653992,49623.35625934601,7
27,62096.96484375,611.0,226.6767047773144,0.0,4.0,64.93547821044922,9099.461961746216,52997.50288200378,7
28,72190.5859375,710.0,264.0831906148841,1.0,4.0,64.93547821044922,10573.842868804932,61616.74306869507,7
29,35983.35546875,346.0,146.0242751044336,2.0,4.0,64.93547821044922,5152.886806488037,30830.468662261963,7
30,122896.8359375,1145.0,385.4810400094176,3.0,4.0,64.93547821044922,17052.18321800232,105844.65271949768,7
31,47706.7421875,451.0,167.15108902396736,5.0,4.0,64.93547821044922,6716.624132156372,40990.11805534363,7
32,35618.8203125,344.0,141.40717089906337,6.0,4.0,64.93547821044922,5123.101333618164,30495.71897888184,7
0,48032.2578125,345.0,130.8158556748386,0.0,0.0,85.48208236694336,4835.83315372467,43196.42465877533,8
1,133734.15625,920.0,251.80944600603272,1.0,0.0,85.48208236694336,12895.55507659912,120838.60117340088,8
2,55607.2109375,416.0,158.6069940016099,0.0,1.0,85.48208236694336,5500.346893310547,50106.86404418945,8
3,77385.015625,581.0,221.9874357602112,1.0,1.0,85.48208236694336,7681.97486782074,69703.04075717926,8
4,45871.40625,338.0,162.62926959361164,0.0,2.0,85.48208236694336,4428.010618209839,41443.39563179016,8
5,79459.8125,606.0,220.18660163728867,1.0,2.0,85.48208236694336,7938.977617263794,71520.8348827362,8
6,44728.38671875,326.0,144.7788013487808,0.0,3.0,85.48208236694336,4239.8196849823,40488.5670337677,8
7,52779.9921875,388.0,127.618446492333,1.0,3.0,85.48208236694336,5046.165760040283,47733.82642745972,8
8,99941.40625,720.0,229.57191135195936,2.0,3.0,85.48208236694336,9364.018936157228,90577.38731384276,8
9,53607.02734375,363.0,151.6173470232302,0.0,4.0,85.48208236694336,4557.592852592468,49049.43449115753,8
10,74613.7890625,480.0,160.121973799489,2.0,4.0,85.48208236694336,6026.569061279297,68587.2200012207,8
0,68778.640625,524.0,209.59528641306383,0.0,0.0,78.54849243164062,11352.345542907717,57426.295082092285,9
1,139633.015625,1089.0,421.34942608582674,2.0,0.0,78.54849243164062,23592.947130203247,116040.06849479675,9
2,69354.6875,526.0,235.81562841304023,0.0,1.0,78.54849243164062,10860.619632720947,58494.06786727905,9
3,74201.328125,559.0,218.72743836832535,2.0,1.0,78.54849243164062,11541.989305496216,62659.33881950378,9
4,41414.8046875,309.0,158.13057012653746,0.0,2.0,78.54849243164062,6232.339067459106,35182.46562004089,9
5,38592.01171875,303.0,136.2578262897049,0.0,3.0,78.54849243164062,5896.616094589233,32695.395624160767,9
6,54655.3828125,419.0,175.9973866541854,1.0,3.0,78.54849243164062,8154.066480636597,46501.3163318634,9
7,68890.140625,526.0,242.74945886250413,0.0,4.0,78.54849243164062,10162.99704360962,58727.14358139038,9
8,55870.8359375,416.0,177.108107388725,1.0,4.0,78.54849243164062,8037.655456542969,47833.18048095703,9
9,126725.5390625,1001.0,338.78452923219174,2.0,4.0,78.54849243164062,19340.60844230652,107384.93062019348,9
0,68258.625,416.0,196.6246567353652,0.0,0.0,95.35027313232422,7059.2491455078125,61199.37585449219,10
1,141025.78125,854.0,328.7485743752368,3.0,0.0,95.35027313232422,14491.82396697998,126533.95728302002,10
2,90748.390625,550.0,226.66035649449725,6.0,0.0,95.35027313232422,9333.141899108889,81415.24872589111,10
3,439388.3125,2469.0,732.0011461372878,2.0,0.0,95.35027313232422,41897.322452545166,397490.9900474548,10
4,195231.0,1153.0,486.126442904011,0.0,1.0,95.35027313232422,18460.70682144165,176770.29317855835,10
5,158762.78125,941.0,420.57079960289366,3.0,1.0,95.35027313232422,15066.370441436768,143696.41080856323,10
6,97172.484375,585.0,186.8582079206365,6.0,1.0,95.35027313232422,9366.447086334229,87806.03728866577,10
7,256140.90625,1473.0,591.8721455595115,0.0,2.0,95.35027313232422,23402.68336200714,232738.2228879929,10
8,110285.8125,665.0,276.1731373541708,2.0,2.0,95.35027313232422,10565.366215705872,99720.44628429411,10
9,504606.65625,2862.0,828.4568238531319,1.0,2.0,95.35027313232422,45470.7941493988,459135.8621006012,10
10,132212.03125,787.0,252.47643943113417,4.0,2.0,95.35027313232422,12503.6740026474,119708.3572473526,10
11,324550.125,1887.0,724.4724870744554,0.0,3.0,95.35027313232422,29358.0244474411,295192.1005525589,10
12,521533.5625,2945.0,941.0179522198003,2.0,3.0,95.35027313232422,45818.43243122101,475715.130068779,10
13,92509.421875,538.0,204.55757486153703,4.0,3.0,95.35027313232422,8370.22636604309,84139.19550895691,10
14,390824.28125,2289.0,924.3966094478052,0.0,4.0,95.35027313232422,35600.00596904755,355224.27528095245,10
15,529045.625,3026.0,965.3816435679385,2.0,4.0,95.35027313232422,47062.305837631226,481983.3191623688,10
16,59431.08984375,351.0,139.41576722611185,5.0,4.0,95.35027313232422,5458.97863483429,53972.11120891571,10
0,27503.4140625,326.0,139.0346281260539,0.0,0.0,49.01145935058594,5403.779800415039,22099.63426208496,11
1,52258.2890625,653.0,218.21154624715427,1.0,0.0,49.01145935058594,10824.135612487791,41434.15345001221,11
2,64146.2109375,826.0,289.2880966553354,2.0,0.0,49.01145935058594,13691.78562927246,50454.42530822754,11
3,35792.41796875,436.0,161.01900502071803,3.0,0.0,49.01145935058594,7227.141082763672,28565.276885986328,11
4,47855.171875,603.0,222.0990688180428,4.0,0.0,49.01145935058594,9995.33502960205,37859.83684539795,11
5,78580.5546875,999.0,402.7530279236971,5.0,0.0,49.01145935058594,16559.43564605713,62021.11904144287,11
6,73615.375,900.0,293.46824523173177,6.0,0.0,49.01145935058594,14918.41049194336,58696.96450805664,11
7,65343.98828125,822.0,266.8831124145145,8.0,0.0,49.01145935058594,13625.481582641602,51718.5066986084,11
8,67286.25,848.0,285.44004233054545,11.0,0.0,49.01145935058594,14056.457885742188,53229.79211425781,11
9,71826.125,886.0,269.2720034703412,13.0,0.0,49.01145935058594,14686.346328735352,57139.77867126465,11
10,25008.2421875,317.0,140.47067143173564,0.0,1.0,49.01145935058594,5013.942264556885,19994.299922943115,11
11,40609.84375,510.0,178.81365673663305,1.0,1.0,49.01145935058594,8066.59481048584,32543.24893951416,11
12,49243.9140625,598.0,266.0745942878356,4.0,1.0,49.01145935058594,9458.477836608889,39785.43622589111,11
13,72541.796875,895.0,361.3637347402244,5.0,1.0,49.01145935058594,14156.08304977417,58385.71382522583,11
14,36876.04296875,464.0,174.96560241184318,6.0,1.0,49.01145935058594,7339.019592285156,29537.023376464844,11
15,83354.828125,1075.0,354.144049965717,11.0,1.0,49.01145935058594,17003.116512298584,66351.71161270142,11
16,124518.265625,1558.0,527.1577169507074,10.0,1.0,49.01145935058594,24642.65630340576,99875.60932159424,11
17,29446.912109375,348.0,178.43251763657508,0.0,2.0,49.01145935058594,5406.841049194336,24040.071060180664,11
18,65169.421875,810.0,337.5948720054548,3.0,2.0,49.01145935058594,12584.888648986816,52584.53322601318,11
19,27424.83984375,331.0,135.66299767633643,4.0,2.0,49.01145935058594,5142.713756561279,22282.12608718872,11
20,31358.8515625,389.0,196.6246567353652,2.0,2.0,49.01145935058594,6043.853931427002,25314.997631073,11
21,73710.3203125,936.0,359.68130535559783,5.0,2.0,49.01145935058594,14542.537994384766,59167.782318115234,11
22,36756.1171875,487.0,164.75542628767633,6.0,2.0,49.01145935058594,7566.47008895874,29189.64709854126,11
23,107939.3203125,1362.0,460.09667045406354,8.0,2.0,49.01145935058594,21161.257209777832,86778.06310272217,11
24,31968.142578125,396.0,182.14581894025184,0.0,3.0,49.01145935058594,6032.442775726318,25935.69980239868,11
25,52195.4609375,618.0,338.7219410228115,1.0,3.0,49.01145935058594,9414.26675605774,42781.19418144226,11
26,25369.1015625,321.0,153.79932024621073,2.0,3.0,49.01145935058594,4889.9346742630005,20479.166888237,11
27,43656.0546875,537.0,207.4691297189992,3.0,3.0,49.01145935058594,8180.358006477356,35475.696681022644,11
28,29621.9609375,371.0,185.92170845330875,4.0,3.0,49.01145935058594,5651.606741905212,23970.354195594788,11
29,32027.52734375,396.0,167.42059506619367,5.0,3.0,49.01145935058594,6032.442775726318,25995.08456802368,11
30,45073.234375,588.0,228.93761449249223,7.0,3.0,49.01145935058594,8957.263515472412,36115.97085952759,11
31,72257.703125,925.0,394.596843681862,0.0,4.0,49.01145935058594,13748.439884185793,58509.26324081421,11
32,48641.5390625,631.0,297.04679351429536,1.0,4.0,49.01145935058594,9378.665477752686,39262.873584747314,11
0,168461.34375,1185.0,390.8767706977209,0.0,0.0,86.45406341552734,18533.478384017944,149927.86536598206,12
1,167407.1875,1065.0,351.1766785793391,1.0,0.0,86.45406341552734,16656.670446395874,150750.51705360413,12
2,144606.5,936.0,331.36750322719104,4.0,0.0,86.45406341552734,14639.101913452148,129967.39808654784,12
3,83023.609375,547.0,178.35358114437776,0.0,1.0,86.45406341552734,7974.275586128235,75049.33378887177,12
4,209395.953125,1365.0,486.3401324173216,1.0,1.0,86.45406341552734,19899.24346446991,189496.7096605301,12
5,128858.9609375,887.0,335.5476518035874,3.0,1.0,86.45406341552734,12930.863701820374,115928.09723567964,12
6,164968.625,1068.0,363.1809171459641,4.0,1.0,86.45406341552734,15569.517963409424,149399.10703659058,12
7,223329.453125,1439.0,484.5229500115819,0.0,2.0,86.45406341552734,20161.0161151886,203168.4370098114,12
8,208079.578125,1329.0,423.6498040471032,2.0,2.0,86.45406341552734,18619.86825370789,189459.7098712921,12
9,246463.046875,1614.0,599.9003484606978,0.0,3.0,86.45406341552734,22180.31237411499,224282.734500885,12
10,249518.1875,1700.0,598.5759382128477,1.0,3.0,86.45406341552734,23362.162971496586,226156.02452850345,12
11,45058.3828125,309.0,145.0646556738243,0.0,4.0,86.45406341552734,4163.123273849487,40895.25953865051,12
12,161978.390625,1107.0,428.4805977657839,1.0,4.0,86.45406341552734,14914.490175247192,147063.9004497528,12
13,60676.359375,391.0,158.8206835149204,3.0,4.0,86.45406341552734,5267.900323867798,55408.4590511322,12
14,134817.203125,917.0,359.0633567789479,4.0,4.0,86.45406341552734,12354.640913009644,122462.56221199036,12
0,159205.71875,960.0,312.485250740018,0.0,0.0,99.29576110839844,16532.671508789062,142673.04724121094,13
1,108949.578125,623.0,284.4082580882032,1.0,0.0,99.29576110839844,10729.014947891235,98220.56317710876,13
2,183921.140625,991.0,388.1952536363864,3.0,0.0,99.29576110839844,17066.539026260376,166854.60159873962,13
3,155452.15625,925.0,334.0326720057084,0.0,1.0,99.29576110839844,14861.420488357544,140590.73576164246,13
4,148732.65625,856.0,394.9221662530041,1.0,1.0,99.29576110839844,13752.838851928713,134979.8173980713,13
5,154436.34375,866.0,346.6712074318005,3.0,1.0,99.29576110839844,13913.502857208252,140522.84089279175,13
6,151287.34375,878.0,301.43385992353785,0.0,2.0,99.29576110839844,13522.90948486328,137764.43426513672,13
7,64672.765625,350.0,191.1499895548646,1.0,2.0,99.29576110839844,5390.681457519531,59282.08416748047,13
8,96901.1875,547.0,279.2521417983804,2.0,2.0,99.29576110839844,8424.865020751953,88476.32247924805,13
9,62832.6640625,364.0,161.5580171051707,3.0,2.0,99.29576110839844,5606.3087158203125,57226.35534667969,13
10,109618.1875,614.0,286.18597224784423,1.0,3.0,99.29576110839844,9200.46890449524,100417.71859550476,13
11,60813.81640625,329.0,158.32113967656642,2.0,3.0,99.29576110839844,4929.89294719696,55883.92345905304,13
12,148405.6875,821.0,347.24968776235187,3.0,3.0,99.29576110839844,12302.255652427672,136103.43184757233,13
13,83986.359375,491.0,228.4775389002369,0.0,4.0,99.29576110839844,7268.514840126038,76717.84453487396,13
14,253477.921875,1408.0,659.4096159312277,1.0,4.0,99.29576110839844,20843.31750488281,232634.6043701172,13
0,122093.765625,906.0,362.0307281653258,0.0,0.0,86.12080383300781,30867.28493499756,91226.48069000244,14
1,57440.87109375,434.0,179.63852314612916,0.0,1.0,86.12080383300781,14229.982940673828,43210.88815307617,14
2,41696.3359375,305.0,134.0527331034429,0.0,2.0,86.12080383300781,9747.224960327148,31949.11097717285,14
3,61757.3984375,467.0,196.83834624867572,3.0,2.0,86.12080383300781,14924.439529418945,46832.958908081055,14
4,110857.65625,898.0,334.16742502682155,0.0,3.0,86.12080383300781,28644.723224639893,82212.93302536011,14
5,86258.28125,673.0,266.70889114730267,0.0,4.0,86.12080383300781,21346.205291748047,64912.07595825195,14
0,61013.8515625,508.0,213.17383469562742,0.0,0.0,69.27099227905273,10139.830688476562,50874.02087402344,15
1,72178.046875,641.0,251.17514914656556,1.0,0.0,69.27099227905273,12794.55014038086,59383.49673461914,15
2,64630.53125,544.0,208.25452788239662,2.0,0.0,69.27099227905273,10858.4013671875,53772.1298828125,15
3,143460.125,1222.0,474.27330564131637,0.0,1.0,69.27099227905273,22321.18809890747,121138.93690109253,15
4,56935.8984375,502.0,227.88271028686842,0.0,2.0,69.27099227905273,8925.164901733398,48010.7335357666,15
5,72802.46875,636.0,236.561558330339,1.0,2.0,69.27099227905273,11307.57943725586,61494.88931274414,15
6,63283.7421875,526.0,209.59528641306386,2.0,2.0,69.27099227905273,9351.866012573242,53931.87617492676,15
7,76397.75,665.0,265.23337959552225,0.0,3.0,69.27099227905273,11811.63556098938,64586.11443901062,15
8,45905.4296875,396.0,185.32687983994032,1.0,3.0,69.27099227905273,7033.695762634277,38871.73392486572,15
9,46795.9765625,415.0,173.9106982062194,0.0,4.0,69.27099227905273,7298.844003677368,39497.13255882263,15
0,116155.96875,794.0,333.8189824923978,0.0,0.0,81.72935485839844,13380.823635101318,102775.14511489868,16
1,194218.65625,1442.0,523.0006883375925,1.0,0.0,81.72935485839844,24301.19355392456,169917.46269607544,16
2,126028.3984375,913.0,410.3933200443611,0.0,1.0,81.72935485839844,14560.349817276001,111468.048620224,16
3,169025.265625,1268.0,433.8994484173688,1.0,1.0,81.72935485839844,20221.822090148926,148803.44353485107,16
4,55222.98046875,395.0,168.83351840859387,0.0,2.0,81.72935485839844,6097.094883918762,49125.88558483124,16
5,61399.1171875,461.0,196.8383462486757,1.0,2.0,81.72935485839844,7115.84997844696,54283.26720905304,16
6,95564.296875,713.0,292.5086258011225,2.0,2.0,81.72935485839844,11005.642157554626,84558.65471744537,16
7,64969.98828125,466.0,218.59268534721224,0.0,3.0,81.72935485839844,7000.362804412842,57969.62547683716,16
8,44049.2890625,312.0,149.53065857526417,1.0,3.0,81.72935485839844,4686.938186645508,39362.35087585449,16
9,136090.59375,997.0,355.21530245415795,2.0,3.0,81.72935485839844,14977.171064376831,121113.42268562317,16
10,77339.421875,572.0,207.29490845178734,3.0,3.0,81.72935485839844,8592.720008850098,68746.7018661499,16
11,46016.734375,337.0,157.226767224844,0.0,4.0,81.72935485839844,5030.909058570862,40985.82531642914,16
12,56398.0703125,416.0,186.80239139172068,1.0,4.0,81.72935485839844,6210.261627197266,50187.808685302734,16
13,130061.328125,966.0,376.0167938025496,2.0,4.0,81.72935485839844,14420.944067001343,115640.38405799866,16
14,84839.7109375,603.0,219.1316974316649,3.0,4.0,81.72935485839844,9001.893656730652,75837.81728076935,16
0,609722.0,3736.0,1185.5451252419455,0.0,0.0,92.80853271484375,73757.98114013672,535964.0188598633,17
1,126842.046875,765.0,280.36286253291996,0.0,1.0,92.80853271484375,14197.020721435547,112645.02615356445,17
2,164845.875,1030.0,346.7337956411807,1.0,1.0,92.80853271484375,19114.942932128906,145730.9320678711,17
3,213045.953125,1312.0,416.446467555413,2.0,1.0,92.80853271484375,24348.3544921875,188697.5986328125,17
4,147045.625,880.0,330.71685808490673,0.0,2.0,92.80853271484375,15811.299896240234,131234.32510375977,17
5,150791.0625,925.0,348.0745541718479,1.0,2.0,92.80853271484375,16619.832277297974,134171.23022270203,17
6,187775.015625,1204.0,393.1376804128987,2.0,2.0,92.80853271484375,21632.733039855957,166142.28258514404,17
7,129138.078125,765.0,303.76693445044873,0.0,3.0,92.80853271484375,13480.664920806885,115657.41320419312,17
8,103838.375,648.0,242.65417408748965,1.0,3.0,92.80853271484375,11418.91616821289,92419.45883178711,17
9,78049.7890625,508.0,186.6281701245089,2.0,3.0,92.80853271484375,8951.86637878418,69097.92268371582,17
10,189979.15625,1146.0,479.9780106179446,0.0,4.0,92.80853271484375,20244.89105987549,169734.2651901245,17
11,53979.9296875,341.0,160.86790371678774,2.0,4.0,92.80853271484375,6024.003360748291,47955.92632675171,17
0,307475.6875,2081.0,623.399705153241,1.0,0.0,85.9731216430664,49226.01276779175,258249.67473220825,18
1,144555.90625,1004.0,351.27196335435355,2.0,0.0,85.9731216430664,23749.59962463379,120806.30662536621,18
2,291385.21875,2088.0,715.4683164598428,1.0,1.0,85.9731216430664,47549.31262207031,243835.9061279297,18
3,207582.46875,1448.0,549.0073408242583,2.0,1.0,85.9731216430664,32974.81066894531,174607.6580810547,18
4,141272.765625,974.0,377.4528371082313,0.0,2.0,85.9731216430664,21633.94171524048,119638.82390975952,18
5,98381.703125,683.0,255.88753812695023,1.0,2.0,85.9731216430664,15170.412927627563,83211.29019737244,18
6,54630.0703125,378.0,177.83768902320662,2.0,2.0,85.9731216430664,8395.923992156982,46234.14632034302,18
7,161486.9375,1123.0,485.32469645779645,0.0,3.0,85.9731216430664,24164.24880218506,137322.68869781494,18
8,46918.4375,317.0,131.08536171706493,1.0,3.0,85.9731216430664,6821.074684143066,40097.36281585693,18
9,70608.5,474.0,216.58493339144354,2.0,3.0,85.9731216430664,10199.335647583008,60409.16435241699,18
10,50260.48046875,349.0,182.090002411336,3.0,3.0,85.9731216430664,7509.637428283691,42750.84304046631,18
11,60875.5703125,422.0,200.3052614734076,0.0,4.0,85.9731216430664,8936.86385345459,51938.70645904541,18
12,69123.015625,477.0,201.51126698296173,1.0,4.0,85.9731216430664,10101.620990753174,59021.394634246826,18
0,41162.8828125,325.0,116.89237824699504,0.0,0.0,81.33277893066406,8655.587196350098,32507.295616149902,19
1,311600.5625,2391.0,850.4248524649792,1.0,0.0,81.33277893066406,63678.48918914795,247922.07331085205,19
2,724806.625,5262.0,1348.8645082239402,2.0,0.0,81.33277893066406,140140.61485290527,584666.0101470947,19
3,282578.65625,2200.0,806.2587574451574,0.0,1.0,81.33277893066406,55049.002838134766,227529.65341186523,19
4,253537.375,1862.0,565.8029048634655,1.0,1.0,81.33277893066406,46591.47422027588,206945.90077972412,19
5,159828.046875,1200.0,309.5573475997387,4.0,1.0,81.33277893066406,30026.72882080078,129801.31805419922,19
6,106807.890625,798.0,301.89393551579315,5.0,1.0,81.33277893066406,19967.77466583252,86840.11595916748,19
7,39604.6953125,313.0,133.17205016503095,0.0,2.0,81.33277893066406,7681.975486755371,31922.71982574463,19
8,71608.5390625,566.0,194.7516578007097,1.0,2.0,81.33277893066406,13891.367813110352,57717.17124938965,19
9,243337.9375,1818.0,709.9705293160606,2.0,2.0,81.33277893066406,44619.269760131836,198718.66773986816,19
10,360327.3125,2655.0,868.6169915637691,3.0,2.0,81.33277893066406,65161.804847717285,295165.5076522827,19
11,45283.42578125,346.0,126.73776355392104,4.0,2.0,81.33277893066406,8491.896224975586,36791.529556274414,19
12,40872.84375,310.0,156.52030555364388,5.0,2.0,81.33277893066406,7608.346328735352,33264.49742126465,19
13,51063.72265625,404.0,148.9752982079944,0.0,3.0,81.33277893066406,9733.814895629883,41329.90776062012,19
14,92646.1953125,701.0,266.55778984337246,1.0,3.0,81.33277893066406,16889.614459991455,75756.58085250854,19
15,136647.09375,1039.0,373.59801110297707,2.0,3.0,81.33277893066406,25033.2516746521,111613.8420753479,19
16,398166.0625,2917.0,883.7137779355326,3.0,3.0,81.33277893066406,70281.03477859497,327885.02772140503,19
17,38578.375,301.0,109.30790265524688,0.0,4.0,81.33277893066406,7246.719331741333,31331.655668258667,19
18,50185.984375,381.0,152.8233525327843,1.0,4.0,81.33277893066406,9172.757692337036,41013.226682662964,19
19,535381.3125,3922.0,1271.044696916324,2.0,4.0,81.33277893066406,94424.03062820435,440957.28187179565,19
0,328797.3125,2769.0,768.9571329849548,0.0,0.0,76.83326721191406,70190.69698905945,258606.61551094055,20
1,337493.53125,2751.0,732.6912595256708,1.0,0.0,76.83326721191406,69734.4194355011,267759.1118144989,20
2,98972.265625,804.0,248.3983473102166,4.0,0.0,76.83326721191406,20380.39739227295,78591.86823272705,20
3,266944.28125,2287.0,718.9284600041103,5.0,0.0,76.83326721191406,57972.598054885864,208971.68319511414,20
4,81915.7421875,682.0,236.41045702640878,6.0,0.0,76.83326721191406,17287.849529266357,64627.89265823364,20
5,103094.6640625,862.0,234.356465144077,0.0,1.0,76.83326721191406,20695.937881469727,82398.72618103027,20
6,168544.171875,1435.0,431.94074131005146,1.0,1.0,76.83326721191406,34453.21445465088,134090.95742034912,20
7,80609.828125,686.0,195.2675499218808,2.0,1.0,76.83326721191406,16470.317153930664,64139.510971069336,20
8,198698.15625,1630.0,468.10852507243277,3.0,1.0,76.83326721191406,39135.01014709473,159563.14610290527,20
9,102568.4609375,848.0,279.3705465366764,4.0,1.0,76.83326721191406,20359.808959960938,82208.65197753906,20
10,88266.734375,764.0,327.6705502063315,5.0,1.0,76.83326721191406,18343.035430908203,69923.6989440918,20
11,75442.375,633.0,260.29095281901,6.0,1.0,76.83326721191406,15197.829093933105,60244.545906066895,20
12,39042.6953125,324.0,142.36679032967265,7.0,1.0,76.83326721191406,7778.983612060547,31263.711700439453,20
13,114565.3203125,927.0,286.24178877676,0.0,2.0,76.83326721191406,21665.946310043335,92899.37400245667,20
14,70235.1875,589.0,197.5448079198758,1.0,2.0,76.83326721191406,13766.17300605774,56469.01449394226,20
15,79427.578125,660.0,241.78983943189485,3.0,2.0,76.83326721191406,15425.59284210205,64001.98528289795,20
16,36878.8671875,318.0,118.1378520026478,4.0,2.0,76.83326721191406,7432.33109664917,29446.53609085083,20
17,173644.265625,1453.0,421.64205209133456,5.0,2.0,76.83326721191406,33959.67636299133,139684.58926200867,20
18,70467.6015625,577.0,239.83790400504202,7.0,2.0,76.83326721191406,13485.707681655884,56981.893880844116,20
19,93889.7109375,799.0,305.20297775613045,0.0,3.0,76.83326721191406,18586.597904205322,75303.11303329468,20
20,83807.09375,694.0,263.56729849371294,1.0,3.0,76.83326721191406,16144.053749084473,67663.04000091553,20
21,79417.0546875,638.0,240.16322657618414,4.0,3.0,76.83326721191406,14841.36353302002,64575.69115447998,20
22,40111.2421875,331.0,127.61844649233299,5.0,3.0,76.83326721191406,7699.829669952393,32411.412517547607,20
23,76110.796875,643.0,237.59334257268128,0.0,4.0,76.83326721191406,14590.503086090088,61520.29378890991,20
24,41210.4375,349.0,140.62177273566593,1.0,4.0,76.83326721191406,7919.262172698975,33291.175327301025,20
25,43864.41796875,356.0,117.31298559315167,2.0,4.0,76.83326721191406,8078.10124206543,35786.31672668457,20
26,45895.0390625,390.0,171.1338963698704,3.0,4.0,76.83326721191406,8849.605293273926,37045.433769226074,20
27,104604.7421875,892.0,313.7701927417694,4.0,4.0,76.83326721191406,20240.635696411133,84364.10649108887,20
28,68427.625,569.0,232.90407355557812,5.0,4.0,76.83326721191406,12911.34720993042,55516.27779006958,20
0,624406.375,4452.0,1162.8475149956168,0.0,0.0,84.61808395385742,140134.96394348145,484271.41105651855,21
1,430995.0625,3067.0,884.5876891934801,0.0,1.0,84.61808395385742,90306.92488861084,340688.13761138916,21
2,220570.1875,1597.0,437.00157282485986,1.0,1.0,84.61808395385742,47023.201515197754,173546.98598480225,21
3,51780.21875,386.0,121.62111551019686,2.0,1.0,84.61808395385742,11365.657974243164,40414.560775756836,21
4,169514.109375,1178.0,357.0488331427148,1.0,2.0,84.61808395385742,34406.42430496216,135107.68507003784,21
5,183061.4375,1307.0,426.2755045795219,2.0,2.0,84.61808395385742,38174.190633773804,144887.2468662262,21
6,167210.71875,1196.0,354.31827123292885,4.0,2.0,84.61808395385742,34932.15914154053,132278.55960845947,21
7,47846.796875,364.0,136.36945934753652,5.0,2.0,84.61808395385742,10631.526695251465,37215.270179748535,21
8,150193.84375,1035.0,291.00999428606053,0.0,3.0,84.61808395385742,30648.95842552185,119544.88532447815,21
9,152971.71875,1078.0,322.140066496915,1.0,3.0,84.61808395385742,31922.296794891357,121049.42195510864,21
10,187636.046875,1379.0,425.39482164110996,2.0,3.0,84.61808395385742,40835.665380477905,146800.3814945221,21
11,99746.5234375,696.0,263.5441785304314,0.0,4.0,84.61808395385742,20263.88053894043,79482.64289855957,21
12,343652.875,2498.0,823.3632957726895,1.0,4.0,84.61808395385742,72728.697681427,270924.177318573,21
0,120678.15625,1201.0,365.1165042899998,0.0,0.0,64.5966796875,24105.597547531128,96572.55870246887,22
1,62386.05859375,604.0,215.72059873584874,2.0,0.0,64.5966796875,12123.048225402832,50263.01036834717,22
2,37625.38671875,355.0,150.5460945347893,3.0,0.0,64.5966796875,7125.301523208618,30500.085195541382,22
3,34709.0546875,336.0,115.97222706248442,0.0,1.0,64.5966796875,6508.912445068359,28200.14224243164,22
4,126257.25,1243.0,421.37254604910817,5.0,1.0,64.5966796875,24079.101694107056,102178.14830589294,22
5,59005.375,585.0,175.06088718685766,6.0,1.0,64.5966796875,11332.481489181519,47672.89351081848,22
6,34743.859375,316.0,129.93517273642667,0.0,2.0,64.5966796875,6280.204063415527,28463.655311584473,22
7,44436.2265625,436.0,199.00397118883905,1.0,2.0,64.5966796875,8665.091682434082,35771.13488006592,22
8,34463.59375,348.0,128.49912943074492,4.0,2.0,64.5966796875,6916.174095153809,27547.41965484619,22
9,39086.6015625,387.0,137.88443914541563,2.0,2.0,64.5966796875,7691.262571334839,31395.33899116516,22
10,77217.84375,759.0,235.45083759579947,1.0,3.0,64.5966796875,14441.779964447021,62776.06378555298,22
11,40934.77734375,396.0,129.41928061525553,2.0,3.0,64.5966796875,7534.841720581055,33399.935623168945,22
12,74810.4765625,708.0,255.9038864097674,3.0,3.0,64.5966796875,13471.383682250977,61339.09288024902,22
13,41275.26953125,358.0,173.31586959285093,0.0,4.0,64.5966796875,6879.177635192871,34396.09189605713,22
14,39780.015625,375.0,139.58998849332372,1.0,4.0,64.5966796875,7205.8424949646,32574.1731300354,22
15,45432.59765625,433.0,168.26180975850696,2.0,4.0,64.5966796875,8320.346134185791,37112.25152206421,22
16,96241.375,944.0,345.98109404341756,3.0,4.0,64.5966796875,18139.50750732422,78101.86749267578,22
0,841741.8125,3732.0,1110.1209766706206,0.0,0.0,134.17607879638672,106245.21839904785,735496.5941009521,23
1,506007.25,2300.0,615.5620718020837,1.0,0.0,134.17607879638672,65478.02848815918,440529.2215118408,23
2,408564.125,1790.0,565.9934744134944,2.0,0.0,134.17607879638672,50958.98738861084,357605.13761138916,23
3,107429.90625,460.0,163.7236420453341,3.0,0.0,134.17607879638672,13095.605697631836,94334.30055236816,23
4,585534.3125,2682.0,915.7504579699689,0.0,1.0,134.17607879638672,74306.63091659546,511227.68158340454,23
5,443152.25,1972.0,630.6193899277484,1.0,1.0,134.17607879638672,54635.59886932373,388516.65113067627,23
6,566346.375,2658.0,802.0786088687611,2.0,1.0,134.17607879638672,73641.6946220398,492704.6803779602,23
7,68442.7890625,314.0,126.04765016553809,3.0,1.0,134.17607879638672,8699.583187103271,59743.20587539673,23
8,442239.8125,2094.0,712.3594203718872,0.0,2.0,134.17607879638672,57866.196727752686,384373.6157722473,23
9,386541.84375,1740.0,602.0265051547625,1.0,2.0,134.17607879638672,48083.659172058105,338458.1845779419,23
10,81001.34375,387.0,115.91641053356858,2.0,2.0,134.17607879638672,10694.469022750854,70306.87472724915,23
11,219372.421875,1049.0,357.992104290507,3.0,2.0,134.17607879638672,28988.36693763733,190384.05493736267,23
12,161121.4375,743.0,287.240876453468,4.0,2.0,134.17607879638672,20532.27515220642,140589.16234779358,23
13,213246.84375,1022.0,336.94422686317057,5.0,2.0,134.17607879638672,28242.241191864014,185004.602558136,23
14,746462.4375,3560.0,1194.8120302183202,0.0,3.0,134.17607879638672,98652.67578125,647809.76171875,23
15,524774.375,2327.0,912.1160931584894,1.0,3.0,134.17607879638672,64484.48779296875,460289.88720703125,23
16,125643.6015625,562.0,210.5317858803916,0.0,4.0,134.17607879638672,15593.37007522583,110050.23148727417,23
17,706025.5,3345.0,1085.3924945052418,1.0,4.0,134.17607879638672,92811.07277870178,613214.4272212982,23
18,331083.1875,1523.0,464.04000955386795,2.0,4.0,134.17607879638672,42257.477979660034,288825.70952033997,23
19,89165.3125,413.0,164.8901793087895,3.0,4.0,134.17607879638672,11459.184770584106,77706.1277294159,23
0,66718.2421875,714.0,251.32625045049588,0.0,0.0,60.80596160888672,12120.637813568115,54597.604373931885,24
1,91977.84375,956.0,272.6436339200586,0.0,1.0,60.80596160888672,15249.262874603271,76728.58087539673,24
2,59662.8046875,610.0,189.50025673587234,0.0,2.0,60.80596160888672,9366.806268692017,50295.99841880798,24
3,55118.06640625,566.0,207.67604755184527,0.0,3.0,60.80596160888672,8403.789630889893,46714.27677536011,24
4,53023.484375,564.0,207.90608534797298,0.0,4.0,60.80596160888672,8356.743576049805,44666.740798950195,24
0,80137.3046875,629.0,212.98326514559847,1.0,0.0,79.43151092529297,16002.904870986938,64134.39981651306,25
1,111563.078125,847.0,276.8006625331735,0.0,1.0,79.43151092529297,20488.219621658325,91074.85850334167,25
2,94023.890625,715.0,253.03179979840397,0.0,2.0,79.43151092529297,17285.37265777588,76738.51796722412,25
3,95045.203125,757.0,291.49318984159737,1.0,2.0,79.43151092529297,18300.73720550537,76744.46591949463,25
4,145251.03125,1165.0,431.65488698500803,0.0,3.0,79.43151092529297,27607.214460372925,117643.81678962708,25
5,115726.6875,892.0,312.36684600172197,0.0,4.0,79.43151092529297,20701.43578338623,95025.25171661377,25
6,43806.98828125,355.0,125.72232759439595,1.0,4.0,79.43151092529297,8238.800115585327,35568.18816566467,25
0,41186.95703125,735.0,223.20978955258244,0.0,0.0,38.314239501953125,11090.871834754944,30096.085196495056,26
1,55138.9765625,925.0,255.69696857692128,1.0,0.0,38.314239501953125,13957.899928092957,41181.07663440704,26
2,19195.19140625,335.0,117.90781420652013,2.0,0.0,38.314239501953125,5055.023217201233,14140.168189048767,26
3,29593.59765625,488.0,159.52714518612052,4.0,0.0,38.314239501953125,7363.735313415527,22229.862342834473,26
4,70539.25,1202.0,319.24485992227005,5.0,0.0,38.314239501953125,18137.7250957489,52401.5249042511,26
5,33552.15234375,541.0,166.2704060855554,0.0,1.0,38.314239501953125,7413.420033454895,26138.732310295105,26
6,78101.578125,1314.0,396.72300037592674,1.0,1.0,38.314239501953125,18005.97767829895,60095.60044670105,26
7,23540.546875,399.0,130.39524832868196,0.0,2.0,38.314239501953125,5269.834919929504,18270.711955070496,26
8,27850.470703125,444.0,149.81651290030766,3.0,2.0,38.314239501953125,5864.17720413208,21986.29349899292,26
9,19417.296875,319.0,122.39016539077717,1.0,3.0,38.314239501953125,4129.443950653076,15287.852924346924,26
10,28981.751953125,471.0,180.3449848173293,2.0,3.0,38.314239501953125,6097.078685760498,22884.673267364502,26
11,30151.78515625,473.0,149.777044654209,3.0,3.0,38.314239501953125,6122.968616485596,24028.816539764404,26
12,71950.609375,1222.0,397.14360772208335,0.0,4.0,38.314239501953125,16028.051719665527,55922.55765533447,26
13,44446.1171875,749.0,233.4594339228479,1.0,4.0,38.314239501953125,9824.067707061768,34622.04948043823,26
14,19502.068359375,319.0,128.1343386135041,2.0,4.0,38.314239501953125,4184.08224105835,15317.98611831665,26
